filename,width,height,class,xmin,ymin,xmax,ymax
imgges0.jpg,180,270,no mask,45,28,118,110
imgges1.jpg,296,374,no mask,53,71,205,274
imgges10.jpg,256,256,mask,123,53,173,117
imgges10.jpg,256,256,mask,1,66,34,137
imgges10.jpg,256,256,no mask,31,58,59,96
imgges100.jpg,256,256,mask,99,28,168,82
imgges1000.jpg,256,256,mask,78,23,97,56
imgges1000.jpg,256,256,no mask,168,26,211,99
imgges1001.jpg,256,256,mask,103,12,157,75
imgges1002.jpg,256,256,no mask,124,3,150,32
imgges1002.jpg,256,256,mask,75,34,104,71
imgges1003.jpg,256,256,mask,83,11,193,171
imgges1004.jpg,256,256,mask,120,28,149,68
imgges1005.jpg,256,256,mask,103,12,175,148
imgges1006.jpg,256,256,mask,38,47,169,189
imgges1007.jpg,252,200,no mask,38,36,131,151
imgges1008.jpg,256,256,no mask,40,36,69,70
imgges1008.jpg,256,256,no mask,21,47,41,70
imgges1008.jpg,256,256,mask,98,36,152,86
imgges1009.jpg,256,256,mask,98,20,165,79
imgges101.jpg,225,225,no mask,25,28,59,89
imgges101.jpg,225,225,no mask,124,51,166,119
imgges1010.jpg,230,332,no mask,40,57,222,323
imgges1011.jpg,256,256,mask,123,21,173,74
imgges1012.jpg,256,256,mask,116,16,150,50
imgges1012.jpg,256,256,mask,4,24,30,63
imgges1013.jpg,256,256,mask,147,3,191,41
imgges1013.jpg,256,256,no mask,81,38,105,63
imgges1014.jpg,256,256,mask,77,32,150,140
imgges1015.jpg,256,256,mask,79,24,152,149
imgges1016.jpg,256,256,mask,166,16,195,56
imgges1016.jpg,256,256,no mask,17,27,46,64
imgges1016.jpg,256,256,no mask,107,157,130,188
imgges1017.jpg,256,256,no mask,82,40,107,63
imgges1017.jpg,256,256,mask,145,3,189,40
imgges1018.jpg,256,256,mask,99,23,150,74
imgges1018.jpg,256,256,mask,1,63,27,117
imgges1018.jpg,256,256,mask,237,37,256,82
imgges1019.jpg,275,183,no mask,125,78,158,121
imgges1019.jpg,275,183,no mask,158,101,188,134
imgges102.jpg,256,256,mask,97,13,190,112
imgges102.jpg,256,256,no mask,239,93,255,117
imgges102.jpg,256,256,no mask,22,92,39,112
imgges1020.jpg,256,256,mask,109,21,140,56
imgges1021.jpg,256,256,mask,115,24,148,59
imgges1022.jpg,256,256,mask,96,7,212,210
imgges1023.jpg,256,256,mask,65,23,159,143
imgges1024.jpg,256,256,mask,96,46,143,112
imgges1025.jpg,256,256,mask,89,114,154,203
imgges1026.jpg,256,256,mask,89,118,152,198
imgges1027.jpg,256,256,mask,143,11,185,67
imgges1028.jpg,256,256,mask,100,28,137,69
imgges1029.jpg,274,184,no mask,89,12,128,74
imgges1029.jpg,274,184,no mask,129,16,177,81
imgges103.jpg,256,256,mask,120,16,149,51
imgges1030.jpg,256,256,mask,109,13,155,62
imgges1030.jpg,256,256,no mask,206,29,251,75
imgges1031.jpg,332,230,no mask,56,28,325,225
imgges1032.jpg,256,256,mask,101,32,141,69
imgges1033.jpg,256,256,mask,115,36,144,68
imgges1034.jpg,256,256,mask,112,24,170,89
imgges1034.jpg,256,256,no mask,7,24,45,88
imgges1035.jpg,256,256,no mask,1,7,20,34
imgges1035.jpg,256,256,no mask,151,13,174,40
imgges1035.jpg,256,256,mask,108,8,146,52
imgges1036.jpg,256,256,mask,68,61,118,122
imgges1037.jpg,256,256,mask,99,3,165,98
imgges1037.jpg,256,256,mask,16,68,39,104
imgges1038.jpg,299,168,no mask,47,39,106,130
imgges1038.jpg,299,168,no mask,199,58,255,134
imgges1039.jpg,230,332,no mask,9,27,185,320
imgges104.jpg,174,183,no mask,2,1,132,137
imgges1040.jpg,256,256,mask,118,43,141,73
imgges1041.jpg,256,256,mask,126,20,156,56
imgges1041.jpg,256,256,no mask,71,42,90,62
imgges1041.jpg,256,256,no mask,236,34,253,51
imgges1042.jpg,256,256,mask,24,25,210,196
imgges1043.jpg,256,256,mask,112,22,167,75
imgges1044.jpg,256,256,mask,103,22,160,95
imgges1045.jpg,256,256,mask,93,19,165,92
imgges1046.jpg,256,256,mask,112,50,128,74
imgges1046.jpg,256,256,no mask,2,12,21,40
imgges1047.jpg,256,256,mask,155,48,223,146
imgges1048.jpg,260,194,no mask,31,41,167,140
imgges1049.jpg,100,100,mask,12,9,96,98
imgges105.jpg,114,440,no mask,21,330,87,385
imgges105.jpg,114,440,no mask,19,234,75,284
imgges105.jpg,114,440,no mask,25,172,93,211
imgges105.jpg,114,440,no mask,4,40,71,91
imgges1050.jpg,256,256,mask,101,26,169,85
imgges1051.jpg,256,256,mask,114,15,155,65
imgges1052.jpg,256,256,mask,83,40,138,101
imgges1052.jpg,256,256,no mask,14,55,45,86
imgges1053.jpg,256,256,mask,127,27,174,69
imgges1054.jpg,256,256,mask,111,19,166,74
imgges1055.jpg,256,256,mask,106,31,171,103
imgges1056.jpg,256,256,mask,95,62,158,157
imgges1057.jpg,256,256,mask,98,32,150,124
imgges1058.jpg,256,256,mask,85,23,159,162
imgges1059.jpg,256,256,mask,117,9,165,58
imgges106.jpg,256,256,mask,104,36,160,123
imgges106.jpg,256,256,no mask,35,135,58,180
imgges1060.jpg,320,428,no mask,45,61,274,377
imgges1061.jpg,256,256,mask,52,2,108,80
imgges1062.jpg,256,256,mask,110,35,146,87
imgges1062.jpg,256,256,mask,162,39,186,75
imgges1062.jpg,256,256,no mask,17,14,45,58
imgges1062.jpg,256,256,no mask,57,14,83,54
imgges1062.jpg,256,256,no mask,220,37,254,87
imgges1062.jpg,256,256,no mask,153,1,170,17
imgges1063.jpg,256,256,mask,81,26,144,87
imgges1063.jpg,256,256,no mask,188,74,230,119
imgges1064.jpg,256,256,mask,90,38,163,158
imgges1065.jpg,256,256,mask,70,16,172,156
imgges1065.jpg,256,256,mask,1,114,50,204
imgges1066.jpg,256,256,mask,95,11,152,70
imgges1067.jpg,256,256,mask,115,20,157,99
imgges1068.jpg,256,256,mask,116,27,154,96
imgges1069.jpg,300,168,no mask,123,19,162,79
imgges107.jpg,256,256,mask,103,31,154,103
imgges1070.jpg,256,256,mask,97,68,151,164
imgges1071.jpg,320,428,no mask,24,46,291,393
imgges1072.jpg,256,256,mask,118,7,166,68
imgges1073.jpg,256,256,mask,96,30,170,126
imgges1074.jpg,256,256,mask,123,69,148,97
imgges1075.jpg,256,256,mask,103,24,162,82
imgges1075.jpg,256,256,no mask,2,51,21,72
imgges1075.jpg,256,256,no mask,216,45,230,60
imgges1076.jpg,256,256,mask,123,8,188,69
imgges1077.jpg,256,256,mask,99,32,152,90
imgges1078.jpg,256,256,mask,105,52,172,121
imgges1079.jpg,275,183,no mask,100,43,175,136
imgges108.jpg,256,256,mask,104,22,223,148
imgges1080.jpg,100,100,no mask,19,18,88,83
imgges1081.jpg,256,256,mask,81,18,168,111
imgges1082.jpg,256,256,mask,59,4,228,244
imgges1083.jpg,256,256,mask,135,25,167,64
imgges1084.jpg,256,256,mask,105,40,148,81
imgges1085.jpg,256,256,mask,23,40,171,188
imgges1086.jpg,256,256,mask,88,40,165,140
imgges1087.jpg,256,256,mask,87,35,156,94
imgges1088.jpg,256,256,mask,111,10,152,51
imgges1088.jpg,256,256,mask,192,14,231,58
imgges1088.jpg,256,256,no mask,38,11,71,44
imgges1089.jpg,320,428,no mask,49,42,271,382
imgges109.jpg,256,256,mask,107,37,152,99
imgges1090.jpg,275,183,no mask,102,19,187,126
imgges1091.jpg,256,256,mask,104,21,158,92
imgges1092.jpg,256,256,mask,146,16,182,49
imgges1092.jpg,256,256,mask,63,83,92,113
imgges1092.jpg,256,256,no mask,33,26,52,44
imgges1093.jpg,256,256,mask,35,32,90,96
imgges1093.jpg,256,256,mask,177,4,217,52
imgges1093.jpg,256,256,mask,163,126,197,171
imgges1094.jpg,256,256,mask,99,17,171,95
imgges1095.jpg,256,256,mask,120,30,151,63
imgges1096.jpg,256,256,mask,137,30,165,65
imgges1097.jpg,256,256,mask,113,31,141,61
imgges1098.jpg,256,256,mask,103,17,147,57
imgges1099.jpg,256,256,mask,97,34,161,100
imgges11.jpg,256,256,mask,90,26,133,76
imgges11.jpg,256,256,mask,74,49,95,80
imgges11.jpg,256,256,no mask,235,71,252,94
imgges110.jpg,256,256,mask,98,27,155,96
imgges1100.jpg,300,168,no mask,80,16,138,89
imgges1100.jpg,300,168,no mask,129,58,178,129
imgges1101.jpg,256,256,mask,66,19,125,74
imgges1101.jpg,256,256,mask,167,56,201,89
imgges1102.jpg,256,256,mask,95,19,163,100
imgges1103.jpg,256,256,mask,104,44,184,166
imgges1104.jpg,256,256,mask,101,18,150,61
imgges1105.jpg,256,256,mask,67,31,133,139
imgges1106.jpg,256,256,mask,89,38,143,94
imgges1107.jpg,256,256,mask,88,38,137,87
imgges1108.jpg,256,256,mask,114,30,145,61
imgges1108.jpg,256,256,mask,184,56,208,81
imgges1109.jpg,256,256,mask,102,40,150,86
imgges111.jpg,256,256,mask,94,39,157,104
imgges1110.jpg,221,228,no mask,20,50,197,171
imgges1111.jpg,259,194,no mask,88,20,125,71
imgges1111.jpg,259,194,no mask,141,29,178,76
imgges1112.jpg,256,256,no mask,163,138,197,174
imgges1112.jpg,256,256,mask,92,7,152,72
imgges1113.jpg,256,256,mask,105,11,164,72
imgges1114.jpg,256,256,mask,101,24,163,106
imgges1115.jpg,256,256,mask,140,58,203,129
imgges1115.jpg,256,256,no mask,101,61,140,111
imgges1116.jpg,256,256,mask,63,53,161,226
imgges1117.jpg,256,256,mask,87,29,172,222
imgges1118.jpg,256,256,mask,81,21,159,117
imgges1119.jpg,256,256,mask,109,30,157,84
imgges1119.jpg,256,256,mask,11,44,61,121
imgges112.jpg,275,183,no mask,123,18,153,65
imgges112.jpg,275,183,no mask,229,30,258,70
imgges1120.jpg,256,256,mask,101,45,155,102
imgges1121.jpg,221,228,no mask,20,47,202,172
imgges1122.jpg,299,168,no mask,137,65,175,104
imgges1122.jpg,299,168,no mask,149,29,175,56
imgges1122.jpg,299,168,no mask,57,68,75,91
imgges1122.jpg,299,168,no mask,246,80,265,100
imgges1123.jpg,256,256,mask,105,15,137,48
imgges1124.jpg,256,256,mask,129,49,161,93
imgges1124.jpg,256,256,no mask,84,64,108,110
imgges1125.jpg,256,256,no mask,1,69,14,97
imgges1125.jpg,256,256,mask,108,27,162,79
imgges1126.jpg,256,256,mask,34,6,181,153
imgges1127.jpg,256,256,mask,103,8,143,48
imgges1128.jpg,256,256,mask,92,38,156,160
imgges1129.jpg,256,256,mask,104,56,149,105
imgges113.jpg,256,256,mask,88,16,163,92
imgges113.jpg,256,256,mask,213,41,246,85
imgges1130.jpg,256,256,mask,112,5,167,67
imgges1131.jpg,243,208,no mask,76,60,109,109
imgges1131.jpg,243,208,no mask,19,21,57,72
imgges1131.jpg,243,208,no mask,130,35,167,81
imgges1132.jpg,114,110,no mask,4,2,112,107
imgges1133.jpg,256,256,mask,108,26,155,93
imgges1134.jpg,256,256,mask,95,17,144,78
imgges1135.jpg,256,256,mask,89,28,150,90
imgges1136.jpg,256,256,mask,108,20,150,64
imgges1137.jpg,256,256,mask,112,33,138,58
imgges1138.jpg,256,256,mask,142,11,178,66
imgges1138.jpg,256,256,mask,101,53,128,99
imgges1139.jpg,256,256,mask,103,13,142,50
imgges114.jpg,256,256,mask,96,41,153,96
imgges1140.jpg,256,256,mask,122,26,169,97
imgges1141.jpg,221,228,no mask,26,47,196,186
imgges1142.jpg,249,202,no mask,62,37,121,133
imgges1142.jpg,249,202,no mask,123,63,186,141
imgges1143.jpg,256,256,mask,100,41,188,200
imgges1144.jpg,256,256,mask,112,10,161,68
imgges1145.jpg,256,256,mask,77,41,146,102
imgges1146.jpg,256,256,mask,116,23,175,81
imgges1147.jpg,256,256,mask,111,21,155,68
imgges1147.jpg,256,256,no mask,62,12,107,56
imgges1147.jpg,256,256,no mask,226,21,250,54
imgges1147.jpg,256,256,no mask,22,34,45,60
imgges1148.jpg,256,256,mask,106,30,138,62
imgges1149.jpg,97,130,no mask,23,1,95,45
imgges115.jpg,256,256,mask,105,28,145,66
imgges1150.jpg,110,114,no mask,13,1,108,99
imgges1151.jpg,300,168,mask,12,55,39,89
imgges1151.jpg,300,168,mask,59,60,90,101
imgges1151.jpg,300,168,mask,123,58,154,101
imgges1151.jpg,300,168,mask,191,40,230,80
imgges1151.jpg,300,168,mask,272,59,300,103
imgges1152.jpg,256,256,mask,83,28,140,99
imgges1153.jpg,256,256,mask,85,27,161,99
imgges1154.jpg,256,256,mask,124,16,162,64
imgges1154.jpg,256,256,no mask,167,8,184,28
imgges1154.jpg,256,256,no mask,6,6,22,32
imgges1154.jpg,256,256,no mask,218,1,251,17
imgges1155.jpg,256,256,mask,86,62,141,112
imgges1156.jpg,256,256,mask,101,28,140,77
imgges1156.jpg,256,256,no mask,42,50,76,92
imgges1156.jpg,256,256,no mask,165,54,200,99
imgges1156.jpg,256,256,no mask,221,33,252,82
imgges1157.jpg,256,256,mask,107,13,155,65
imgges1158.jpg,256,256,mask,113,11,150,45
imgges1159.jpg,256,256,mask,114,17,148,52
imgges116.jpg,256,256,mask,139,68,175,151
imgges1160.jpg,183,275,no mask,46,64,127,164
imgges1161.jpg,256,256,no mask,28,43,53,71
imgges1161.jpg,256,256,no mask,84,44,100,60
imgges1161.jpg,256,256,no mask,236,59,254,81
imgges1161.jpg,256,256,mask,105,58,126,80
imgges1162.jpg,300,168,no mask,14,21,69,94
imgges1162.jpg,300,168,no mask,111,27,194,145
imgges1162.jpg,300,168,no mask,216,19,287,116
imgges1163.jpg,256,256,mask,100,25,132,62
imgges1164.jpg,256,256,mask,56,22,150,174
imgges1165.jpg,256,256,mask,103,72,136,113
imgges1166.jpg,256,256,mask,79,46,128,93
imgges1167.jpg,256,256,mask,105,60,205,149
imgges1168.jpg,256,256,mask,97,68,146,104
imgges1169.jpg,256,256,mask,105,16,141,50
imgges117.jpg,256,256,mask,92,26,153,94
imgges117.jpg,256,256,mask,1,71,28,120
imgges117.jpg,256,256,mask,237,69,255,90
imgges1170.jpg,320,428,no mask,50,59,276,379
imgges1171.jpg,322,436,no mask,57,80,269,397
imgges1172.jpg,256,256,mask,2,72,61,129
imgges1172.jpg,256,256,mask,121,37,159,74
imgges1173.jpg,256,256,mask,116,22,160,74
imgges1174.jpg,256,256,mask,83,32,149,105
imgges1175.jpg,256,256,mask,86,35,142,104
imgges1176.jpg,256,256,mask,123,7,161,47
imgges1176.jpg,256,256,no mask,82,17,116,48
imgges1177.jpg,256,256,mask,115,14,153,51
imgges1178.jpg,256,256,mask,95,15,155,76
imgges1178.jpg,256,256,no mask,3,74,38,108
imgges1179.jpg,256,256,mask,62,23,81,55
imgges1179.jpg,256,256,mask,179,23,202,56
imgges118.jpg,256,256,mask,103,27,137,70
imgges1180.jpg,256,256,mask,99,22,162,84
imgges1180.jpg,256,256,no mask,207,11,240,52
imgges1181.jpg,256,256,mask,101,11,148,50
imgges1182.jpg,275,183,mask,93,94,129,144
imgges1182.jpg,275,183,mask,19,62,43,90
imgges1182.jpg,275,183,no mask,185,12,237,93
imgges1183.jpg,256,256,no mask,9,69,70,113
imgges1183.jpg,256,256,mask,76,42,137,107
imgges1183.jpg,256,256,no mask,230,68,255,99
imgges1183.jpg,256,256,no mask,191,75,212,95
imgges1184.jpg,256,256,mask,107,40,150,95
imgges1184.jpg,256,256,mask,59,59,92,97
imgges1184.jpg,256,256,no mask,38,60,59,89
imgges1185.jpg,256,256,mask,105,19,148,59
imgges1186.jpg,256,256,mask,95,61,141,113
imgges1187.jpg,256,256,mask,81,60,175,154
imgges1188.jpg,256,256,mask,118,15,150,45
imgges1189.jpg,256,256,mask,118,182,152,211
imgges119.jpg,256,256,mask,117,19,151,62
imgges1190.jpg,256,256,mask,91,12,144,71
imgges1191.jpg,256,256,mask,112,49,146,81
imgges1192.jpg,275,183,no mask,55,62,161,135
imgges1193.jpg,259,194,no mask,87,19,171,135
imgges1194.jpg,256,256,mask,99,38,148,98
imgges1195.jpg,256,256,mask,107,23,162,82
imgges1196.jpg,256,256,mask,90,32,217,162
imgges1197.jpg,256,256,mask,106,36,180,132
imgges1197.jpg,256,256,no mask,214,50,256,136
imgges1197.jpg,256,256,no mask,14,110,46,154
imgges1198.jpg,256,256,mask,79,26,164,110
imgges1199.jpg,256,256,mask,120,12,161,46
imgges12.jpg,300,168,mask,119,35,178,114
imgges120.jpg,256,256,mask,109,33,156,80
imgges1200.jpg,256,256,mask,99,18,161,76
imgges1201.jpg,256,256,mask,108,30,149,69
imgges1202.jpg,100,100,no mask,19,34,62,72
imgges1203.jpg,256,256,mask,79,18,183,152
imgges1204.jpg,256,256,mask,73,30,133,94
imgges1205.jpg,256,256,mask,98,74,153,174
imgges1206.jpg,256,256,mask,93,17,128,52
imgges1207.jpg,256,256,mask,84,20,145,90
imgges1208.jpg,256,256,mask,91,24,121,54
imgges1208.jpg,256,256,no mask,192,1,222,19
imgges1209.jpg,256,256,mask,105,5,153,63
imgges1209.jpg,256,256,no mask,180,33,203,59
imgges121.jpg,256,256,mask,80,15,151,79
imgges1210.jpg,275,183,no mask,115,26,157,77
imgges1210.jpg,275,183,no mask,182,36,214,84
imgges1210.jpg,275,183,no mask,208,23,239,90
imgges1210.jpg,275,183,no mask,33,18,63,72
imgges1210.jpg,275,183,no mask,20,7,53,67
imgges1211.jpg,256,256,no mask,104,27,141,60
imgges1212.jpg,256,256,mask,65,18,185,147
imgges1213.jpg,256,256,mask,115,23,161,74
imgges1214.jpg,256,256,mask,109,11,179,84
imgges1215.jpg,256,256,mask,87,39,130,95
imgges1216.jpg,256,256,mask,83,37,134,95
imgges1217.jpg,256,256,mask,89,29,154,93
imgges1218.jpg,256,256,mask,101,27,132,59
imgges1219.jpg,256,256,mask,112,22,152,55
imgges122.jpg,320,428,no mask,74,72,286,354
imgges1220.jpg,275,183,no mask,125,26,160,77
imgges1220.jpg,275,183,no mask,214,25,245,72
imgges1220.jpg,275,183,no mask,233,11,265,60
imgges1220.jpg,275,183,no mask,60,36,95,82
imgges1220.jpg,275,183,no mask,50,20,91,88
imgges1221.jpg,285,177,mask,124,29,192,116
imgges1222.jpg,256,256,mask,63,26,207,187
imgges1222.jpg,256,256,no mask,1,99,77,205
imgges1223.jpg,256,256,mask,111,25,154,59
imgges1224.jpg,256,256,mask,101,14,159,68
imgges1225.jpg,256,256,mask,111,11,162,60
imgges1226.jpg,256,256,mask,102,32,152,83
imgges1226.jpg,256,256,no mask,151,34,179,76
imgges1227.jpg,256,256,no mask,24,44,55,77
imgges1227.jpg,256,256,no mask,81,153,115,185
imgges1227.jpg,256,256,mask,159,14,192,52
imgges1228.jpg,256,256,mask,44,38,228,230
imgges1229.jpg,256,256,mask,103,18,155,64
imgges123.jpg,243,208,no mask,1,57,18,87
imgges123.jpg,243,208,no mask,34,69,52,100
imgges123.jpg,243,208,no mask,81,52,100,86
imgges123.jpg,243,208,no mask,125,65,145,96
imgges123.jpg,243,208,no mask,168,57,189,92
imgges123.jpg,243,208,no mask,217,51,237,77
imgges1230.jpg,256,256,mask,79,52,156,141
imgges1231.jpg,100,100,no mask,39,14,58,42
imgges1231.jpg,100,100,no mask,14,13,28,40
imgges1231.jpg,100,100,no mask,65,20,80,43
imgges1231.jpg,100,100,no mask,75,17,89,40
imgges1231.jpg,100,100,no mask,8,7,24,35
imgges1232.jpg,300,168,no mask,67,35,141,128
imgges1232.jpg,300,168,no mask,159,6,236,104
imgges1233.jpg,256,256,mask,118,17,164,54
imgges1234.jpg,256,256,mask,76,42,147,93
imgges1235.jpg,256,256,mask,83,23,175,110
imgges1236.jpg,256,256,mask,54,26,220,214
imgges1237.jpg,256,256,mask,122,58,148,85
imgges1237.jpg,256,256,no mask,206,55,230,82
imgges1238.jpg,256,256,mask,69,23,121,56
imgges1239.jpg,256,256,mask,136,50,161,93
imgges1239.jpg,256,256,no mask,28,60,62,105
imgges1239.jpg,256,256,no mask,83,72,112,122
imgges1239.jpg,256,256,no mask,100,64,123,101
imgges1239.jpg,256,256,no mask,174,52,194,87
imgges1239.jpg,256,256,no mask,194,48,217,89
imgges1239.jpg,256,256,no mask,210,11,256,101
imgges1239.jpg,256,256,no mask,4,72,18,96
imgges1239.jpg,256,256,no mask,125,50,148,86
imgges124.jpg,114,440,no mask,15,336,90,383
imgges124.jpg,114,440,no mask,10,242,74,276
imgges124.jpg,114,440,no mask,19,170,89,210
imgges124.jpg,114,440,no mask,2,38,75,90
imgges1240.jpg,256,256,mask,104,8,176,80
imgges1241.jpg,91,137,no mask,47,3,86,27
imgges1242.jpg,290,174,mask,113,5,256,169
imgges1243.jpg,256,256,mask,100,15,146,54
imgges1244.jpg,256,256,mask,112,22,150,58
imgges1245.jpg,256,256,mask,108,28,171,93
imgges1246.jpg,256,256,mask,34,3,143,175
imgges1246.jpg,256,256,no mask,183,126,212,173
imgges125.jpg,256,256,mask,88,13,150,71
imgges126.jpg,256,256,mask,70,83,127,173
imgges127.jpg,256,256,mask,101,50,149,144
imgges128.jpg,256,256,mask,94,21,181,112
imgges129.jpg,256,256,mask,68,12,231,251
imgges13.jpg,256,256,mask,107,32,170,94
imgges130.jpg,256,256,mask,118,12,149,51
imgges131.jpg,256,256,mask,78,43,97,65
imgges131.jpg,256,256,no mask,146,47,159,65
imgges131.jpg,256,256,no mask,20,50,31,63
imgges132.jpg,256,256,mask,108,37,138,66
imgges132.jpg,256,256,no mask,25,49,56,80
imgges133.jpg,258,195,no mask,77,37,135,125
imgges134.jpg,220,57,no mask,91,1,135,34
imgges134.jpg,220,57,no mask,27,1,65,22
imgges134.jpg,220,57,no mask,177,10,183,20
imgges135.jpg,256,256,no mask,47,24,102,136
imgges135.jpg,256,256,no mask,168,10,204,80
imgges135.jpg,256,256,no mask,158,133,196,201
imgges136.jpg,256,256,mask,125,18,156,61
imgges136.jpg,256,256,no mask,168,44,179,58
imgges137.jpg,256,256,mask,80,46,133,88
imgges137.jpg,256,256,no mask,178,41,199,69
imgges138.jpg,256,256,mask,61,21,181,139
imgges138.jpg,256,256,no mask,189,21,236,96
imgges139.jpg,256,256,mask,115,11,164,70
imgges14.jpg,183,275,no mask,23,117,72,148
imgges14.jpg,183,275,no mask,29,187,72,209
imgges14.jpg,183,275,no mask,31,24,77,49
imgges14.jpg,183,275,no mask,21,10,63,29
imgges14.jpg,183,275,no mask,19,209,76,229
imgges140.jpg,256,256,mask,123,19,177,121
imgges141.jpg,256,256,mask,122,12,158,59
imgges141.jpg,256,256,no mask,162,48,178,66
imgges142.jpg,256,256,mask,117,77,156,134
imgges142.jpg,256,256,no mask,11,73,57,132
imgges142.jpg,256,256,no mask,197,64,233,128
imgges142.jpg,256,256,no mask,95,112,144,217
imgges143.jpg,256,256,mask,108,33,136,65
imgges143.jpg,256,256,no mask,32,42,61,70
imgges144.jpg,256,256,mask,62,37,175,146
imgges145.jpg,440,114,no mask,59,18,106,93
imgges145.jpg,440,114,no mask,156,11,205,78
imgges145.jpg,440,114,no mask,226,25,270,88
imgges145.jpg,440,114,no mask,353,1,397,66
imgges146.jpg,256,256,mask,79,67,175,147
imgges147.jpg,256,256,mask,109,13,146,55
imgges148.jpg,256,256,mask,72,30,125,134
imgges149.jpg,256,256,mask,125,13,157,49
imgges149.jpg,256,256,no mask,216,22,238,49
imgges15.jpg,256,256,mask,72,53,125,110
imgges15.jpg,256,256,no mask,162,75,177,93
imgges15.jpg,256,256,no mask,204,82,216,97
imgges150.jpg,256,256,mask,114,25,153,77
imgges151.jpg,255,198,no mask,50,23,76,61
imgges151.jpg,255,198,no mask,112,41,133,73
imgges151.jpg,255,198,no mask,175,27,199,58
imgges152.jpg,256,256,no mask,118,44,156,90
imgges153.jpg,256,256,mask,106,30,186,113
imgges154.jpg,256,256,mask,107,24,184,103
imgges155.jpg,256,256,mask,84,67,150,200
imgges155.jpg,256,256,mask,167,187,210,244
imgges156.jpg,112,112,no mask,45,14,81,54
imgges157.jpg,256,256,no mask,87,9,156,73
imgges158.jpg,256,256,no mask,40,37,74,82
imgges158.jpg,256,256,no mask,184,35,206,58
imgges158.jpg,256,256,no mask,93,40,115,70
imgges158.jpg,256,256,mask,130,33,157,67
imgges159.jpg,256,256,mask,60,38,90,71
imgges159.jpg,256,256,mask,189,26,219,69
imgges16.jpg,256,256,mask,153,22,179,58
imgges16.jpg,256,256,no mask,77,192,103,225
imgges16.jpg,256,256,no mask,20,56,44,90
imgges16.jpg,256,256,no mask,228,46,240,64
imgges160.jpg,256,256,mask,111,18,155,63
imgges161.jpg,205,246,no mask,51,47,72,81
imgges161.jpg,205,246,no mask,143,54,162,86
imgges162.jpg,256,256,mask,178,34,196,66
imgges163.jpg,256,256,mask,111,31,175,84
imgges164.jpg,256,256,mask,109,13,138,47
imgges165.jpg,256,256,mask,76,13,172,145
imgges166.jpg,225,225,no mask,132,62,175,101
imgges166.jpg,225,225,no mask,147,137,183,179
imgges167.jpg,256,256,mask,115,47,197,213
imgges168.jpg,256,256,mask,105,30,170,94
imgges169.jpg,256,256,mask,91,52,129,95
imgges17.jpg,256,256,mask,110,23,141,57
imgges170.jpg,256,256,mask,113,17,140,51
imgges170.jpg,256,256,no mask,34,50,54,70
imgges171.jpg,256,256,mask,102,46,156,130
imgges171.jpg,256,256,no mask,43,82,71,132
imgges171.jpg,256,256,no mask,221,97,251,133
imgges171.jpg,256,256,no mask,2,101,18,131
imgges172.jpg,275,183,no mask,124,21,188,119
imgges172.jpg,275,183,no mask,44,80,86,132
imgges172.jpg,275,183,no mask,86,70,118,115
imgges172.jpg,275,183,no mask,1,51,33,112
imgges172.jpg,275,183,no mask,220,61,265,116
imgges172.jpg,275,183,no mask,186,43,221,110
imgges173.jpg,256,256,mask,111,1,225,178
imgges174.jpg,256,256,mask,98,28,168,121
imgges175.jpg,256,256,mask,86,4,142,130
imgges176.jpg,256,256,mask,101,65,132,90
imgges176.jpg,256,256,no mask,85,50,104,73
imgges176.jpg,256,256,no mask,178,102,206,142
imgges176.jpg,256,256,no mask,8,66,23,83
imgges177.jpg,225,225,no mask,62,44,98,92
imgges177.jpg,225,225,no mask,140,29,171,78
imgges178.jpg,256,256,mask,98,40,141,90
imgges178.jpg,256,256,no mask,32,68,48,90
imgges179.jpg,256,256,mask,104,52,157,123
imgges179.jpg,256,256,no mask,48,92,73,130
imgges179.jpg,256,256,no mask,226,91,245,133
imgges18.jpg,256,256,mask,114,35,156,80
imgges180.jpg,256,256,mask,79,35,133,85
imgges181.jpg,256,256,mask,94,37,120,92
imgges181.jpg,256,256,mask,135,42,174,103
imgges181.jpg,256,256,mask,24,70,42,102
imgges182.jpg,256,256,mask,136,17,165,56
imgges183.jpg,256,256,mask,104,30,146,99
imgges184.jpg,256,256,mask,94,41,152,101
imgges185.jpg,256,256,mask,90,30,151,92
imgges185.jpg,256,256,no mask,1,21,27,87
imgges185.jpg,256,256,no mask,224,48,254,86
imgges185.jpg,256,256,no mask,190,58,220,92
imgges186.jpg,225,225,no mask,41,28,84,79
imgges186.jpg,225,225,no mask,125,21,163,95
imgges187.jpg,256,256,mask,104,47,151,96
imgges188.jpg,256,256,mask,127,38,164,110
imgges188.jpg,256,256,no mask,13,33,39,105
imgges188.jpg,256,256,no mask,34,35,62,97
imgges188.jpg,256,256,no mask,102,74,130,129
imgges188.jpg,256,256,no mask,179,83,200,128
imgges189.jpg,256,256,mask,139,27,191,125
imgges19.jpg,256,256,mask,142,30,181,70
imgges19.jpg,256,256,mask,173,46,197,75
imgges19.jpg,256,256,no mask,60,41,90,73
imgges190.jpg,256,256,mask,68,10,102,53
imgges190.jpg,256,256,no mask,179,42,212,87
imgges191.jpg,256,256,mask,104,28,156,80
imgges192.jpg,256,256,mask,108,17,157,67
imgges192.jpg,256,256,mask,36,68,56,92
imgges193.jpg,256,256,mask,114,28,159,85
imgges193.jpg,256,256,no mask,179,57,215,99
imgges194.jpg,256,256,mask,91,8,152,79
imgges194.jpg,256,256,no mask,205,29,230,60
imgges195.jpg,256,256,mask,92,16,153,80
imgges196.jpg,225,225,no mask,46,34,86,81
imgges196.jpg,225,225,no mask,127,32,162,91
imgges197.jpg,256,256,mask,96,25,130,62
imgges198.jpg,256,256,mask,115,4,146,42
imgges198.jpg,256,256,no mask,17,23,37,56
imgges199.jpg,330,153,no mask,135,4,196,90
imgges2.jpg,367,349,no mask,107,46,288,254
imgges20.jpg,256,256,mask,97,41,172,108
imgges200.jpg,256,256,mask,81,39,141,99
imgges201.jpg,256,256,mask,118,23,155,59
imgges201.jpg,256,256,no mask,208,53,232,77
imgges202.jpg,256,256,mask,102,25,140,59
imgges203.jpg,256,256,mask,98,37,149,101
imgges203.jpg,256,256,no mask,225,41,256,89
imgges204.jpg,256,256,mask,104,11,138,49
imgges205.jpg,256,256,mask,91,20,156,85
imgges206.jpg,100,100,no mask,20,18,81,90
imgges207.jpg,225,225,no mask,52,32,84,76
imgges207.jpg,225,225,no mask,124,28,161,92
imgges208.jpg,256,256,mask,91,9,171,134
imgges209.jpg,256,256,mask,113,44,141,97
imgges21.jpg,256,256,mask,110,16,142,51
imgges21.jpg,256,256,no mask,199,22,220,45
imgges210.jpg,256,256,mask,104,43,169,163
imgges211.jpg,256,256,mask,139,59,158,87
imgges211.jpg,256,256,mask,191,42,202,67
imgges211.jpg,256,256,no mask,200,54,213,73
imgges211.jpg,256,256,no mask,77,33,90,55
imgges211.jpg,256,256,no mask,4,49,18,73
imgges212.jpg,256,256,mask,112,23,170,148
imgges213.jpg,256,256,mask,94,20,165,98
imgges214.jpg,256,256,mask,100,27,156,92
imgges215.jpg,112,112,no mask,20,49,64,83
imgges216.jpg,256,256,no mask,78,29,116,67
imgges216.jpg,256,256,mask,128,40,166,87
imgges217.jpg,194,260,no mask,53,39,144,163
imgges218.jpg,300,168,no mask,98,23,186,146
imgges219.jpg,256,256,mask,102,18,136,65
imgges22.jpg,236,285,no mask,66,38,194,213
imgges220.jpg,256,256,mask,111,67,144,128
imgges220.jpg,256,256,mask,25,45,44,68
imgges220.jpg,256,256,no mask,91,60,101,80
imgges221.jpg,256,256,mask,107,56,158,111
imgges222.jpg,256,256,mask,111,31,146,67
imgges222.jpg,256,256,mask,65,40,91,69
imgges222.jpg,256,256,no mask,40,42,56,60
imgges223.jpg,256,256,mask,108,15,142,52
imgges224.jpg,256,256,mask,124,59,225,193
imgges225.jpg,256,256,mask,99,46,166,179
imgges226.jpg,112,112,no mask,27,37,79,87
imgges227.jpg,256,256,mask,115,28,166,85
imgges228.jpg,256,256,mask,117,17,149,55
imgges228.jpg,256,256,no mask,213,51,226,68
imgges229.jpg,256,256,mask,48,76,85,131
imgges23.jpg,285,177,no mask,123,26,171,93
imgges23.jpg,285,177,no mask,19,88,46,128
imgges230.jpg,256,256,mask,103,55,185,125
imgges230.jpg,256,256,no mask,225,88,252,135
imgges231.jpg,256,256,mask,114,14,146,54
imgges231.jpg,256,256,no mask,53,42,80,67
imgges232.jpg,256,256,mask,116,15,162,101
imgges233.jpg,256,256,mask,91,22,165,100
imgges234.jpg,256,256,mask,107,59,150,128
imgges234.jpg,256,256,mask,27,44,40,63
imgges234.jpg,256,256,no mask,89,60,100,78
imgges235.jpg,112,112,no mask,63,1,95,31
imgges235.jpg,112,112,no mask,1,1,16,23
imgges236.jpg,256,256,mask,114,35,153,77
imgges237.jpg,275,183,no mask,95,7,207,149
imgges238.jpg,256,256,mask,104,17,163,127
imgges239.jpg,256,256,mask,82,11,134,112
imgges24.jpg,256,256,mask,162,63,193,135
imgges24.jpg,256,256,no mask,38,127,57,161
imgges240.jpg,256,256,mask,168,77,191,109
imgges241.jpg,256,256,mask,135,46,198,106
imgges241.jpg,256,256,no mask,6,60,76,131
imgges241.jpg,256,256,no mask,84,63,124,111
imgges242.jpg,256,256,mask,102,7,136,40
imgges242.jpg,256,256,mask,170,11,204,46
imgges243.jpg,256,256,mask,114,19,201,132
imgges244.jpg,256,256,mask,82,16,115,51
imgges245.jpg,275,183,no mask,61,47,92,92
imgges246.jpg,225,225,no mask,150,20,210,123
imgges247.jpg,256,256,mask,93,28,155,93
imgges248.jpg,256,256,mask,99,57,152,137
imgges249.jpg,256,256,mask,118,22,169,79
imgges249.jpg,256,256,mask,201,88,243,143
imgges25.jpg,299,168,no mask,100,69,158,150
imgges25.jpg,299,168,no mask,55,16,99,81
imgges25.jpg,299,168,no mask,184,35,232,103
imgges25.jpg,299,168,no mask,257,12,293,67
imgges25.jpg,299,168,no mask,106,1,139,43
imgges25.jpg,299,168,no mask,156,1,188,42
imgges250.jpg,256,256,mask,97,40,129,98
imgges250.jpg,256,256,mask,17,35,36,69
imgges250.jpg,256,256,no mask,57,2,83,39
imgges250.jpg,256,256,no mask,2,23,15,52
imgges251.jpg,256,256,mask,117,15,204,128
imgges252.jpg,256,256,mask,108,25,152,63
imgges253.jpg,256,256,mask,116,16,147,50
imgges254.jpg,256,256,mask,119,21,147,60
imgges255.jpg,256,256,mask,7,43,241,256
imgges256.jpg,256,256,mask,159,25,203,85
imgges256.jpg,256,256,no mask,42,102,85,162
imgges256.jpg,256,256,no mask,49,64,91,116
imgges256.jpg,256,256,no mask,28,142,49,204
imgges257.jpg,275,183,mask,107,71,122,88
imgges257.jpg,275,183,mask,139,71,150,87
imgges258.jpg,256,256,mask,63,42,137,138
imgges259.jpg,256,256,mask,98,23,154,94
imgges26.jpg,256,256,mask,106,30,160,81
imgges260.jpg,256,256,mask,77,29,184,156
imgges261.jpg,256,256,mask,91,48,107,74
imgges262.jpg,256,256,mask,125,23,165,71
imgges263.jpg,256,256,mask,114,23,150,85
imgges264.jpg,256,256,mask,53,38,98,78
imgges264.jpg,256,256,mask,170,27,207,65
imgges265.jpg,256,256,mask,99,28,134,65
imgges265.jpg,256,256,no mask,165,44,177,58
imgges266.jpg,256,256,mask,71,26,133,170
imgges267.jpg,256,256,mask,79,17,158,91
imgges268.jpg,256,256,mask,82,4,118,44
imgges269.jpg,256,256,mask,91,17,136,65
imgges27.jpg,256,256,mask,62,33,83,63
imgges27.jpg,256,256,no mask,187,15,214,52
imgges270.jpg,256,256,mask,95,47,146,127
imgges270.jpg,256,256,no mask,11,97,38,140
imgges271.jpg,256,256,mask,119,38,151,74
imgges272.jpg,270,180,no mask,23,60,109,137
imgges273.jpg,180,270,no mask,25,10,115,111
imgges274.jpg,100,100,no mask,31,2,77,44
imgges275.jpg,374,296,no mask,106,50,297,214
imgges276.jpg,187,148,no mask,78,1,185,105
imgges277.jpg,374,296,no mask,101,51,314,205
imgges278.jpg,225,224,no mask,64,39,169,175
imgges279.jpg,137,91,no mask,46,2,62,16
imgges279.jpg,137,91,no mask,78,3,90,17
imgges28.jpg,256,256,mask,82,2,229,170
imgges280.jpg,299,168,no mask,131,31,157,68
imgges280.jpg,299,168,mask,51,30,80,68
imgges280.jpg,299,168,mask,163,37,190,69
imgges280.jpg,299,168,mask,219,16,239,43
imgges280.jpg,299,168,mask,224,80,248,117
imgges281.jpg,225,224,no mask,69,45,165,177
imgges282.jpg,224,225,no mask,49,64,166,158
imgges283.jpg,100,100,no mask,29,21,73,81
imgges284.jpg,225,224,no mask,69,45,165,178
imgges285.jpg,112,112,no mask,1,1,78,65
imgges286.jpg,224,225,no mask,53,59,175,158
imgges287.jpg,224,225,no mask,38,61,175,164
imgges288.jpg,428,320,no mask,70,40,381,301
imgges289.jpg,269,188,no mask,123,18,148,55
imgges29.jpg,256,256,mask,106,23,159,80
imgges290.jpg,183,275,no mask,74,154,89,168
imgges290.jpg,183,275,no mask,74,124,89,137
imgges291.jpg,428,320,no mask,69,55,368,292
imgges292.jpg,100,100,no mask,3,3,89,90
imgges293.jpg,428,320,no mask,48,44,370,311
imgges294.jpg,320,428,no mask,42,54,257,360
imgges295.jpg,320,428,no mask,61,64,279,362
imgges296.jpg,428,320,no mask,70,46,363,285
imgges297.jpg,428,320,no mask,57,58,362,287
imgges298.jpg,214,160,no mask,2,26,209,160
imgges299.jpg,160,214,no mask,3,2,157,212
imgges3.jpg,183,275,no mask,112,120,143,155
imgges3.jpg,183,275,no mask,112,216,147,239
imgges3.jpg,183,275,no mask,107,60,138,94
imgges3.jpg,183,275,no mask,116,235,157,255
imgges3.jpg,183,275,no mask,100,47,140,61
imgges30.jpg,256,256,mask,44,95,82,173
imgges30.jpg,256,256,mask,109,5,152,110
imgges30.jpg,256,256,mask,167,2,190,73
imgges300.jpg,160,214,no mask,3,41,138,214
imgges301.jpg,100,100,no mask,34,6,65,68
imgges302.jpg,225,225,no mask,55,1,122,92
imgges303.jpg,428,320,no mask,70,30,380,283
imgges304.jpg,428,320,no mask,56,28,355,283
imgges305.jpg,322,436,no mask,54,135,273,408
imgges306.jpg,322,436,no mask,31,135,289,398
imgges307.jpg,322,436,no mask,57,125,265,394
imgges308.jpg,236,285,no mask,66,25,200,210
imgges309.jpg,236,285,no mask,57,14,201,214
imgges31.jpg,256,256,mask,129,28,154,63
imgges31.jpg,256,256,no mask,213,70,219,78
imgges31.jpg,256,256,no mask,186,65,192,75
imgges31.jpg,256,256,no mask,69,59,77,67
imgges310.jpg,100,100,no mask,2,1,93,90
imgges311.jpg,275,183,no mask,113,30,167,124
imgges311.jpg,275,183,no mask,90,10,125,106
imgges311.jpg,275,183,no mask,152,72,187,138
imgges312.jpg,263,192,no mask,108,14,202,170
imgges313.jpg,137,91,no mask,22,3,113,68
imgges314.jpg,320,428,no mask,72,48,289,352
imgges315.jpg,428,320,no mask,78,8,371,278
imgges316.jpg,320,428,no mask,60,44,299,350
imgges317.jpg,260,194,no mask,95,42,228,148
imgges318.jpg,100,100,no mask,23,1,84,66
imgges319.jpg,194,260,no mask,47,15,157,169
imgges32.jpg,256,256,mask,74,36,101,59
imgges32.jpg,256,256,no mask,126,33,155,57
imgges320.jpg,260,194,no mask,36,42,162,145
imgges321.jpg,260,194,no mask,36,41,162,145
imgges322.jpg,183,275,no mask,15,87,124,179
imgges323.jpg,183,275,no mask,50,92,180,182
imgges324.jpg,275,183,no mask,98,15,176,126
imgges325.jpg,137,91,no mask,48,1,118,53
imgges326.jpg,100,100,no mask,21,10,75,81
imgges327.jpg,225,225,no mask,49,52,186,163
imgges328.jpg,112,112,no mask,3,60,82,112
imgges329.jpg,225,225,no mask,27,56,177,176
imgges33.jpg,259,194,no mask,128,28,203,120
imgges330.jpg,225,225,no mask,53,28,163,177
imgges331.jpg,100,100,no mask,24,20,82,86
imgges332.jpg,225,225,no mask,69,27,177,178
imgges333.jpg,256,256,mask,93,28,148,132
imgges333.jpg,256,256,no mask,10,95,36,140
imgges334.jpg,137,91,no mask,55,8,94,72
imgges335.jpg,137,91,no mask,59,1,103,39
imgges336.jpg,275,183,no mask,158,33,213,113
imgges336.jpg,275,183,no mask,63,67,109,138
imgges337.jpg,275,183,no mask,73,40,121,116
imgges337.jpg,275,183,no mask,164,55,206,123
imgges338.jpg,183,275,no mask,27,67,112,119
imgges338.jpg,183,275,no mask,69,167,140,206
imgges339.jpg,183,275,no mask,59,70,116,113
imgges339.jpg,183,275,no mask,67,159,124,189
imgges34.jpg,256,256,mask,91,4,143,52
imgges340.jpg,275,183,no mask,72,58,110,120
imgges340.jpg,275,183,no mask,158,44,198,112
imgges341.jpg,129,97,no mask,58,4,120,87
imgges342.jpg,428,320,no mask,98,44,375,260
imgges343.jpg,256,256,mask,108,26,157,76
imgges344.jpg,194,259,no mask,31,139,89,201
imgges344.jpg,194,259,no mask,37,56,100,108
imgges344.jpg,194,259,no mask,116,109,169,153
imgges345.jpg,183,275,no mask,46,48,133,175
imgges346.jpg,183,275,no mask,51,47,130,178
imgges347.jpg,183,275,no mask,46,41,141,176
imgges348.jpg,100,100,no mask,20,25,67,70
imgges349.jpg,275,183,no mask,119,8,165,83
imgges35.jpg,168,299,no mask,20,89,99,159
imgges35.jpg,168,299,no mask,65,183,132,232
imgges35.jpg,168,299,no mask,88,47,145,104
imgges35.jpg,168,299,no mask,125,105,166,144
imgges35.jpg,168,299,no mask,127,155,166,188
imgges35.jpg,168,299,no mask,104,250,151,297
imgges350.jpg,183,275,no mask,12,115,86,158
imgges351.jpg,200,252,no mask,52,32,149,132
imgges352.jpg,200,252,no mask,50,120,143,221
imgges353.jpg,148,235,no mask,20,57,104,171
imgges354.jpg,252,200,no mask,35,38,132,144
imgges355.jpg,252,200,no mask,36,42,133,149
imgges356.jpg,252,200,no mask,29,35,131,158
imgges357.jpg,275,183,no mask,127,78,158,120
imgges357.jpg,275,183,no mask,160,97,189,132
imgges358.jpg,256,256,mask,106,33,162,90
imgges359.jpg,183,275,no mask,59,125,101,157
imgges359.jpg,183,275,no mask,48,159,86,191
imgges36.jpg,256,256,mask,83,27,193,136
imgges360.jpg,184,274,no mask,14,147,74,185
imgges360.jpg,184,274,no mask,20,102,77,141
imgges361.jpg,184,274,no mask,105,129,163,176
imgges361.jpg,184,274,no mask,107,83,164,127
imgges362.jpg,100,100,no mask,27,12,73,38
imgges362.jpg,100,100,no mask,18,63,61,92
imgges363.jpg,299,168,no mask,50,46,112,127
imgges363.jpg,299,168,no mask,195,58,261,135
imgges364.jpg,117,74,no mask,27,16,110,73
imgges365.jpg,299,168,no mask,39,34,114,147
imgges365.jpg,299,168,no mask,203,41,266,131
imgges366.jpg,168,299,no mask,65,202,141,255
imgges366.jpg,168,299,no mask,53,44,132,109
imgges367.jpg,180,280,no mask,64,13,112,75
imgges368.jpg,148,235,no mask,55,60,124,170
imgges369.jpg,256,256,no mask,2,90,20,134
imgges369.jpg,256,256,mask,116,42,138,86
imgges37.jpg,256,256,mask,126,22,198,94
imgges370.jpg,180,280,no mask,68,9,112,76
imgges371.jpg,280,180,no mask,204,68,262,112
imgges372.jpg,180,280,no mask,72,16,116,78
imgges373.jpg,180,280,no mask,62,8,108,73
imgges374.jpg,100,100,no mask,27,36,56,50
imgges374.jpg,100,100,no mask,22,62,45,77
imgges375.jpg,148,235,no mask,40,48,136,177
imgges376.jpg,168,300,no mask,45,149,96,181
imgges376.jpg,168,300,no mask,31,75,77,109
imgges377.jpg,100,100,no mask,21,4,39,40
imgges377.jpg,100,100,no mask,51,21,64,54
imgges378.jpg,300,168,no mask,76,25,111,76
imgges378.jpg,300,168,no mask,152,47,179,91
imgges379.jpg,256,256,mask,78,21,157,107
imgges38.jpg,256,256,mask,158,39,207,104
imgges38.jpg,256,256,mask,30,50,50,93
imgges380.jpg,300,168,no mask,76,28,110,75
imgges380.jpg,300,168,no mask,151,45,183,91
imgges381.jpg,168,300,no mask,36,113,94,151
imgges381.jpg,168,300,no mask,27,193,83,222
imgges382.jpg,300,168,no mask,77,25,108,78
imgges382.jpg,300,168,no mask,149,44,179,90
imgges383.jpg,168,300,no mask,47,146,94,180
imgges383.jpg,168,300,no mask,28,74,82,106
imgges384.jpg,100,100,no mask,41,25,70,88
imgges385.jpg,256,256,mask,108,18,167,66
imgges385.jpg,256,256,mask,236,79,256,132
imgges386.jpg,100,100,no mask,16,1,75,76
imgges387.jpg,150,84,no mask,68,5,109,75
imgges388.jpg,168,300,no mask,89,121,143,166
imgges389.jpg,100,100,no mask,39,11,57,47
imgges39.jpg,256,256,mask,115,49,146,82
imgges39.jpg,256,256,no mask,165,77,181,99
imgges390.jpg,300,168,no mask,124,20,162,76
imgges391.jpg,168,300,no mask,25,123,84,160
imgges392.jpg,84,150,no mask,1,125,29,150
imgges393.jpg,275,183,no mask,106,42,177,134
imgges394.jpg,183,275,no mask,31,97,134,182
imgges395.jpg,183,275,no mask,50,102,119,173
imgges396.jpg,183,275,no mask,47,106,136,165
imgges397.jpg,349,367,no mask,53,23,252,274
imgges398.jpg,100,100,no mask,6,11,78,100
imgges399.jpg,100,100,no mask,33,22,70,72
imgges4.jpg,256,256,mask,4,20,23,40
imgges4.jpg,256,256,mask,128,30,155,65
imgges4.jpg,256,256,mask,168,1,196,14
imgges40.jpg,256,256,mask,92,41,158,97
imgges40.jpg,256,256,no mask,28,47,60,86
imgges40.jpg,256,256,no mask,186,52,216,85
imgges400.jpg,275,183,no mask,100,51,180,133
imgges401.jpg,137,91,no mask,1,26,40,91
imgges402.jpg,100,100,no mask,33,24,69,77
imgges403.jpg,183,275,no mask,32,90,125,153
imgges404.jpg,183,275,no mask,21,115,127,184
imgges405.jpg,300,168,no mask,166,15,223,91
imgges405.jpg,300,168,no mask,130,53,170,132
imgges406.jpg,300,168,no mask,82,1,140,83
imgges406.jpg,300,168,no mask,130,57,179,143
imgges407.jpg,256,256,mask,107,10,148,58
imgges408.jpg,84,150,no mask,1,106,67,149
imgges409.jpg,167,230,no mask,24,38,160,221
imgges410.jpg,300,168,no mask,123,49,175,137
imgges410.jpg,300,168,no mask,168,10,223,88
imgges411.jpg,168,300,no mask,15,77,91,133
imgges411.jpg,168,300,no mask,59,127,135,176
imgges412.jpg,194,259,no mask,30,79,81,118
imgges412.jpg,194,259,no mask,20,132,74,167
imgges413.jpg,97,129,no mask,1,18,20,68
imgges414.jpg,100,100,no mask,35,1,64,25
imgges414.jpg,100,100,no mask,1,1,22,18
imgges415.jpg,100,100,no mask,38,46,57,60
imgges415.jpg,100,100,no mask,67,48,82,59
imgges415.jpg,100,100,no mask,40,81,51,90
imgges416.jpg,256,256,mask,39,20,89,93
imgges416.jpg,256,256,mask,168,20,230,115
imgges417.jpg,168,299,no mask,28,145,55,172
imgges417.jpg,168,299,no mask,72,141,108,173
imgges417.jpg,168,299,no mask,70,54,92,78
imgges417.jpg,168,299,no mask,82,246,101,264
imgges418.jpg,299,168,no mask,141,70,173,104
imgges418.jpg,299,168,no mask,149,27,173,55
imgges418.jpg,299,168,no mask,56,68,75,91
imgges418.jpg,299,168,no mask,249,81,264,102
imgges419.jpg,299,168,no mask,141,67,175,103
imgges419.jpg,299,168,no mask,147,26,175,56
imgges419.jpg,299,168,no mask,248,78,266,101
imgges419.jpg,299,168,no mask,56,68,76,92
imgges420.jpg,100,100,no mask,5,17,80,100
imgges421.jpg,299,168,no mask,127,63,159,107
imgges421.jpg,299,168,no mask,127,27,153,57
imgges421.jpg,299,168,no mask,35,77,52,103
imgges421.jpg,299,168,no mask,225,70,242,91
imgges422.jpg,149,84,no mask,27,27,45,51
imgges422.jpg,149,84,no mask,112,31,143,68
imgges422.jpg,149,84,no mask,117,1,147,17
imgges423.jpg,168,299,no mask,12,127,46,161
imgges423.jpg,168,299,no mask,69,123,115,158
imgges423.jpg,168,299,no mask,67,24,93,46
imgges423.jpg,168,299,no mask,77,227,109,248
imgges424.jpg,149,84,no mask,55,34,75,57
imgges425.jpg,100,100,no mask,18,52,42,71
imgges425.jpg,100,100,no mask,28,30,54,46
imgges425.jpg,100,100,no mask,6,7,35,25
imgges426.jpg,208,243,no mask,134,18,179,59
imgges426.jpg,208,243,no mask,94,68,140,114
imgges426.jpg,208,243,no mask,124,127,172,171
imgges427.jpg,243,208,no mask,74,33,113,86
imgges427.jpg,243,208,no mask,130,54,168,112
imgges427.jpg,243,208,no mask,186,17,223,79
imgges428.jpg,100,100,no mask,8,8,25,37
imgges428.jpg,100,100,no mask,31,27,47,54
imgges428.jpg,100,100,no mask,54,18,71,42
imgges429.jpg,243,208,no mask,77,35,116,82
imgges429.jpg,243,208,no mask,132,60,168,113
imgges429.jpg,243,208,no mask,185,20,224,73
imgges43.jpg,256,256,mask,99,41,141,83
imgges430.jpg,104,121,no mask,38,56,82,89
imgges431.jpg,100,100,no mask,21,14,99,96
imgges432.jpg,208,243,no mask,38,73,85,112
imgges432.jpg,208,243,no mask,57,124,113,168
imgges432.jpg,208,243,no mask,21,185,80,223
imgges433.jpg,243,208,no mask,68,30,108,85
imgges433.jpg,243,208,no mask,130,51,171,111
imgges433.jpg,243,208,no mask,184,4,227,64
imgges434.jpg,202,249,no mask,67,63,148,126
imgges434.jpg,202,249,no mask,57,120,139,186
imgges435.jpg,100,100,no mask,31,21,72,51
imgges435.jpg,100,100,no mask,30,47,69,72
imgges436.jpg,202,249,no mask,58,68,139,127
imgges436.jpg,202,249,no mask,69,125,144,177
imgges437.jpg,100,100,no mask,26,23,50,65
imgges437.jpg,100,100,no mask,47,28,73,70
imgges438.jpg,84,150,mask,21,19,63,49
imgges438.jpg,84,150,mask,41,89,80,124
imgges439.jpg,256,256,mask,73,92,184,211
imgges439.jpg,256,256,mask,50,178,120,253
imgges44.jpg,84,149,no mask,11,25,84,88
imgges44.jpg,84,149,no mask,1,110,46,148
imgges44.jpg,84,149,no mask,1,1,26,22
imgges440.jpg,100,100,mask,27,15,56,30
imgges440.jpg,100,100,mask,59,62,89,78
imgges440.jpg,100,100,mask,33,39,67,52
imgges441.jpg,100,100,no mask,6,16,24,57
imgges441.jpg,100,100,no mask,35,22,64,85
imgges441.jpg,100,100,no mask,73,17,94,71
imgges442.jpg,190,266,no mask,47,37,142,167
imgges443.jpg,150,84,no mask,9,1,75,67
imgges443.jpg,150,84,no mask,133,1,150,14
imgges444.jpg,168,300,no mask,72,20,141,64
imgges444.jpg,168,300,no mask,23,108,127,193
imgges444.jpg,168,300,no mask,54,214,149,287
imgges445.jpg,300,168,no mask,20,22,65,91
imgges445.jpg,300,168,no mask,109,33,193,144
imgges445.jpg,300,168,no mask,215,22,280,116
imgges446.jpg,300,168,no mask,20,24,65,98
imgges446.jpg,300,168,no mask,117,34,188,144
imgges446.jpg,300,168,no mask,217,24,277,117
imgges447.jpg,168,300,no mask,79,17,154,63
imgges447.jpg,168,300,no mask,22,106,134,190
imgges447.jpg,168,300,no mask,43,214,147,283
imgges448.jpg,300,168,no mask,21,18,82,114
imgges448.jpg,300,168,no mask,118,32,189,143
imgges448.jpg,300,168,no mask,236,26,282,95
imgges449.jpg,275,183,mask,42,100,61,123
imgges449.jpg,275,183,mask,98,92,116,119
imgges449.jpg,275,183,mask,139,84,157,113
imgges449.jpg,275,183,mask,61,74,76,96
imgges449.jpg,275,183,mask,212,31,222,47
imgges449.jpg,275,183,mask,171,13,179,27
imgges449.jpg,275,183,no mask,104,62,121,85
imgges449.jpg,275,183,no mask,133,53,145,73
imgges449.jpg,275,183,no mask,31,72,45,98
imgges45.jpg,256,256,mask,96,33,147,91
imgges45.jpg,256,256,no mask,145,74,181,100
imgges450.jpg,100,100,no mask,56,32,63,46
imgges450.jpg,100,100,mask,44,47,50,60
imgges450.jpg,100,100,mask,77,51,86,68
imgges450.jpg,100,100,mask,59,49,67,66
imgges450.jpg,100,100,mask,82,39,89,52
imgges451.jpg,275,183,mask,32,116,55,151
imgges451.jpg,275,183,mask,94,93,117,136
imgges451.jpg,275,183,mask,139,80,161,115
imgges451.jpg,275,183,mask,212,1,224,19
imgges451.jpg,275,183,no mask,97,54,113,77
imgges451.jpg,275,183,no mask,17,89,38,120
imgges451.jpg,275,183,mask,49,75,69,106
imgges452.jpg,91,137,mask,67,42,84,60
imgges452.jpg,91,137,mask,60,1,81,19
imgges453.jpg,167,230,no mask,5,52,132,221
imgges454.jpg,100,100,mask,50,49,78,97
imgges455.jpg,183,275,mask,94,152,148,188
imgges455.jpg,183,275,mask,47,236,77,258
imgges455.jpg,183,275,no mask,17,29,99,86
imgges456.jpg,183,275,no mask,14,35,92,93
imgges456.jpg,183,275,mask,96,146,143,183
imgges456.jpg,183,275,mask,62,234,89,258
imgges457.jpg,91,137,mask,28,11,76,47
imgges457.jpg,91,137,mask,2,111,26,131
imgges458.jpg,256,256,mask,110,18,143,57
imgges458.jpg,256,256,mask,26,11,41,28
imgges459.jpg,275,183,mask,150,92,182,140
imgges459.jpg,275,183,mask,236,58,256,91
imgges459.jpg,275,183,no mask,42,11,95,91
imgges46.jpg,256,256,mask,91,62,147,123
imgges460.jpg,259,194,no mask,95,26,170,137
imgges461.jpg,194,259,no mask,57,92,174,164
imgges462.jpg,259,194,no mask,83,20,176,135
imgges463.jpg,259,194,no mask,93,21,169,136
imgges464.jpg,320,428,no mask,64,82,267,353
imgges465.jpg,259,194,no mask,97,29,163,133
imgges466.jpg,292,173,no mask,60,9,92,55
imgges466.jpg,292,173,no mask,185,3,209,53
imgges466.jpg,292,173,mask,246,1,276,32
imgges467.jpg,292,173,mask,248,6,271,38
imgges467.jpg,292,173,no mask,186,13,208,56
imgges467.jpg,292,173,no mask,64,6,95,54
imgges468.jpg,167,230,no mask,8,45,135,223
imgges469.jpg,256,256,mask,100,28,149,72
imgges47.jpg,256,256,mask,114,12,158,59
imgges470.jpg,275,183,no mask,125,28,175,101
imgges471.jpg,100,100,no mask,32,11,58,56
imgges472.jpg,275,183,no mask,95,27,149,104
imgges473.jpg,177,285,mask,27,96,121,155
imgges474.jpg,285,177,mask,97,9,160,122
imgges475.jpg,301,416,no mask,40,73,292,386
imgges476.jpg,285,177,mask,127,32,192,115
imgges477.jpg,256,256,mask,70,3,238,176
imgges478.jpg,168,300,no mask,27,157,132,233
imgges478.jpg,168,300,no mask,6,52,113,137
imgges479.jpg,84,150,no mask,1,99,53,150
imgges479.jpg,84,150,no mask,1,24,30,66
imgges48.jpg,256,256,mask,110,38,154,89
imgges480.jpg,150,84,no mask,1,1,75,75
imgges480.jpg,150,84,no mask,95,1,150,70
imgges481.jpg,168,300,no mask,42,48,166,141
imgges481.jpg,168,300,no mask,35,155,165,244
imgges482.jpg,145,87,mask,3,1,136,86
imgges483.jpg,290,174,mask,100,1,266,173
imgges484.jpg,174,290,mask,3,29,174,173
imgges485.jpg,100,100,mask,3,34,98,98
imgges486.jpg,100,100,no mask,3,1,89,98
imgges487.jpg,256,256,mask,97,32,166,102
imgges488.jpg,290,174,mask,98,1,282,174
imgges489.jpg,159,79,no mask,138,2,159,29
imgges49.jpg,256,256,mask,96,15,155,85
imgges49.jpg,256,256,no mask,1,50,21,75
imgges49.jpg,256,256,no mask,207,35,225,56
imgges490.jpg,159,318,no mask,99,123,123,151
imgges490.jpg,159,318,mask,94,8,123,34
imgges490.jpg,159,318,mask,95,41,118,58
imgges490.jpg,159,318,mask,105,72,122,92
imgges490.jpg,159,318,mask,111,204,135,233
imgges490.jpg,159,318,mask,41,251,80,279
imgges491.jpg,100,100,mask,79,49,89,74
imgges491.jpg,100,100,mask,63,10,75,30
imgges491.jpg,100,100,mask,4,25,11,40
imgges491.jpg,100,100,no mask,38,22,47,39
imgges492.jpg,159,318,no mask,32,121,64,146
imgges492.jpg,159,318,mask,38,72,58,87
imgges492.jpg,159,318,mask,42,39,65,55
imgges492.jpg,159,318,mask,40,6,72,29
imgges492.jpg,159,318,mask,8,201,48,232
imgges492.jpg,159,318,mask,78,251,117,278
imgges493.jpg,159,79,no mask,71,1,82,6
imgges494.jpg,100,100,no mask,14,54,37,66
imgges494.jpg,100,100,mask,29,6,71,21
imgges494.jpg,100,100,mask,30,83,58,96
imgges495.jpg,100,100,mask,69,63,90,75
imgges495.jpg,100,100,mask,25,77,47,87
imgges495.jpg,100,100,mask,57,2,76,11
imgges495.jpg,100,100,no mask,58,37,78,49
imgges496.jpg,256,256,mask,65,56,119,111
imgges496.jpg,256,256,no mask,26,93,61,125
imgges497.jpg,416,301,no mask,60,35,394,288
imgges498.jpg,300,168,mask,116,26,180,112
imgges499.jpg,300,168,mask,115,26,180,111
imgges5.jpg,256,256,mask,76,94,118,156
imgges50.jpg,266,190,no mask,24,5,112,148
imgges500.jpg,300,168,mask,112,4,186,130
imgges501.jpg,168,300,mask,24,121,117,187
imgges502.jpg,300,168,mask,119,15,190,117
imgges503.jpg,168,300,mask,26,120,114,189
imgges504.jpg,300,168,mask,111,28,184,114
imgges505.jpg,168,300,mask,54,114,149,195
imgges506.jpg,256,256,mask,153,22,238,110
imgges507.jpg,168,300,mask,58,119,139,191
imgges508.jpg,267,188,no mask,109,6,162,72
imgges509.jpg,416,301,no mask,37,5,353,275
imgges51.jpg,256,256,mask,86,37,166,117
imgges510.jpg,285,177,no mask,121,13,180,98
imgges510.jpg,285,177,no mask,16,81,51,129
imgges511.jpg,285,177,no mask,119,19,176,93
imgges511.jpg,285,177,no mask,16,80,48,129
imgges512.jpg,285,177,no mask,122,17,176,92
imgges512.jpg,285,177,no mask,14,85,50,134
imgges513.jpg,177,285,no mask,5,92,91,164
imgges513.jpg,177,285,no mask,70,238,125,275
imgges514.jpg,177,285,no mask,86,115,157,182
imgges514.jpg,177,285,no mask,40,16,88,50
imgges515.jpg,256,256,no mask,203,24,242,62
imgges515.jpg,256,256,mask,158,11,191,45
imgges515.jpg,256,256,mask,103,14,143,54
imgges516.jpg,177,285,no mask,83,117,148,173
imgges516.jpg,177,285,no mask,47,17,95,50
imgges517.jpg,285,177,no mask,113,6,175,94
imgges517.jpg,285,177,no mask,7,102,47,162
imgges518.jpg,259,194,no mask,125,23,204,122
imgges519.jpg,259,194,no mask,125,11,205,122
imgges52.jpg,256,256,mask,100,15,138,51
imgges520.jpg,301,416,no mask,8,48,271,387
imgges521.jpg,100,100,no mask,42,43,98,82
imgges522.jpg,259,194,no mask,126,24,201,118
imgges523.jpg,259,194,no mask,123,9,204,120
imgges524.jpg,194,259,no mask,20,126,130,196
imgges525.jpg,259,194,no mask,57,5,134,120
imgges526.jpg,256,256,mask,40,28,191,227
imgges527.jpg,168,299,no mask,27,119,103,165
imgges528.jpg,299,168,no mask,131,18,184,104
imgges529.jpg,299,168,no mask,116,25,163,100
imgges53.jpg,256,256,mask,113,14,166,72
imgges530.jpg,168,299,no mask,25,133,101,180
imgges531.jpg,277,182,no mask,108,5,183,128
imgges532.jpg,100,100,no mask,1,37,46,70
imgges533.jpg,183,275,no mask,2,155,79,218
imgges533.jpg,183,275,no mask,11,16,104,77
imgges534.jpg,183,275,no mask,80,36,170,98
imgges534.jpg,183,275,no mask,97,158,167,218
imgges535.jpg,256,256,mask,106,13,145,59
imgges535.jpg,256,256,mask,26,11,38,28
imgges536.jpg,275,183,no mask,35,9,98,114
imgges536.jpg,275,183,no mask,161,12,214,88
imgges537.jpg,100,100,no mask,2,5,91,58
imgges538.jpg,289,174,no mask,124,24,181,104
imgges539.jpg,174,289,no mask,19,112,105,159
imgges54.jpg,149,84,no mask,102,11,149,81
imgges54.jpg,149,84,no mask,1,6,24,73
imgges54.jpg,149,84,no mask,24,1,49,29
imgges54.jpg,149,84,no mask,70,1,105,27
imgges540.jpg,100,100,no mask,37,1,63,60
imgges541.jpg,256,256,mask,104,15,218,148
imgges542.jpg,416,301,no mask,34,6,352,275
imgges543.jpg,174,289,no mask,22,111,111,170
imgges544.jpg,174,289,no mask,17,114,107,181
imgges545.jpg,100,100,no mask,62,18,92,74
imgges545.jpg,100,100,no mask,43,18,69,70
imgges545.jpg,100,100,no mask,27,31,48,66
imgges545.jpg,100,100,no mask,11,30,29,65
imgges546.jpg,275,183,no mask,169,31,254,140
imgges546.jpg,275,183,no mask,119,35,181,129
imgges546.jpg,275,183,no mask,77,54,125,123
imgges546.jpg,275,183,no mask,31,52,75,112
imgges547.jpg,183,275,no mask,25,24,141,101
imgges547.jpg,183,275,no mask,31,93,126,157
imgges547.jpg,183,275,no mask,54,146,122,196
imgges547.jpg,183,275,no mask,60,193,115,246
imgges548.jpg,100,100,no mask,61,15,94,79
imgges548.jpg,100,100,no mask,42,19,71,69
imgges548.jpg,100,100,no mask,27,25,47,64
imgges548.jpg,100,100,no mask,10,25,30,62
imgges549.jpg,256,256,mask,130,15,162,59
imgges55.jpg,256,256,mask,114,1,150,56
imgges550.jpg,275,183,no mask,166,22,255,138
imgges550.jpg,275,183,no mask,116,36,185,126
imgges550.jpg,275,183,no mask,79,54,125,119
imgges550.jpg,275,183,no mask,31,55,78,113
imgges551.jpg,183,275,no mask,45,169,153,251
imgges551.jpg,183,275,no mask,55,120,142,177
imgges551.jpg,183,275,no mask,58,76,127,121
imgges551.jpg,183,275,no mask,62,28,122,77
imgges552.jpg,275,183,no mask,3,13,77,135
imgges552.jpg,275,183,no mask,97,9,175,117
imgges552.jpg,275,183,no mask,193,1,269,107
imgges553.jpg,320,428,no mask,41,73,280,379
imgges554.jpg,91,137,no mask,2,80,77,137
imgges554.jpg,91,137,no mask,4,1,60,55
imgges555.jpg,112,112,no mask,87,1,108,21
imgges556.jpg,100,100,no mask,13,9,42,26
imgges556.jpg,100,100,no mask,25,51,55,74
imgges557.jpg,225,225,no mask,51,118,122,169
imgges557.jpg,225,225,no mask,30,18,92,60
imgges558.jpg,112,112,no mask,3,14,40,97
imgges559.jpg,225,225,no mask,120,42,178,120
imgges559.jpg,225,225,no mask,18,15,65,87
imgges56.jpg,256,256,mask,90,19,150,89
imgges560.jpg,320,428,no mask,56,72,257,346
imgges561.jpg,256,256,mask,74,46,185,151
imgges562.jpg,225,225,no mask,55,39,106,122
imgges562.jpg,225,225,no mask,161,13,211,97
imgges563.jpg,91,137,no mask,1,54,24,82
imgges564.jpg,320,428,no mask,34,71,279,368
imgges565.jpg,275,183,no mask,129,4,163,58
imgges565.jpg,275,183,no mask,246,32,274,84
imgges566.jpg,183,275,no mask,13,128,61,158
imgges566.jpg,183,275,no mask,35,236,77,267
imgges567.jpg,91,137,no mask,1,14,42,49
imgges568.jpg,100,100,no mask,25,11,55,68
imgges569.jpg,97,129,no mask,36,46,96,117
imgges57.jpg,256,256,mask,117,93,154,132
imgges57.jpg,256,256,no mask,28,129,73,175
imgges57.jpg,256,256,no mask,143,195,180,238
imgges570.jpg,195,258,no mask,67,64,167,154
imgges571.jpg,131,383,no mask,6,298,88,378
imgges571.jpg,131,383,no mask,26,227,104,288
imgges571.jpg,131,383,no mask,1,140,57,206
imgges571.jpg,131,383,no mask,14,24,100,101
imgges572.jpg,256,256,mask,116,40,151,85
imgges573.jpg,131,383,no mask,17,287,100,344
imgges573.jpg,131,383,no mask,3,174,59,226
imgges573.jpg,131,383,no mask,28,97,104,153
imgges573.jpg,131,383,no mask,5,4,86,77
imgges574.jpg,65,191,no mask,5,63,65,124
imgges574.jpg,65,191,no mask,1,154,36,191
imgges574.jpg,65,191,no mask,3,3,49,35
imgges575.jpg,428,320,no mask,48,29,371,280
imgges576.jpg,100,100,no mask,19,3,96,34
imgges576.jpg,100,100,no mask,78,62,99,78
imgges577.jpg,99,127,no mask,1,73,8,89
imgges578.jpg,99,127,no mask,83,106,97,122
imgges579.jpg,123,102,no mask,84,90,101,101
imgges58.jpg,256,256,mask,113,11,157,54
imgges580.jpg,246,205,no mask,160,138,193,171
imgges580.jpg,246,205,no mask,158,46,184,79
imgges581.jpg,246,205,no mask,161,48,193,81
imgges581.jpg,246,205,no mask,161,145,186,173
imgges582.jpg,256,256,mask,105,14,136,48
imgges583.jpg,100,100,no mask,26,21,37,37
imgges583.jpg,100,100,no mask,69,21,80,35
imgges584.jpg,246,205,no mask,162,42,186,62
imgges584.jpg,246,205,no mask,154,132,186,150
imgges585.jpg,246,205,no mask,60,130,89,156
imgges585.jpg,246,205,no mask,61,39,84,64
imgges586.jpg,320,428,no mask,33,64,276,368
imgges587.jpg,102,123,no mask,86,8,102,43
imgges588.jpg,246,205,no mask,162,38,190,66
imgges588.jpg,246,205,no mask,157,132,185,153
imgges589.jpg,205,246,no mask,53,53,76,88
imgges589.jpg,205,246,no mask,137,54,164,86
imgges59.jpg,256,256,mask,101,16,183,114
imgges590.jpg,100,100,no mask,5,21,39,83
imgges590.jpg,100,100,no mask,34,14,67,69
imgges590.jpg,100,100,no mask,63,1,100,73
imgges591.jpg,275,183,no mask,86,15,156,127
imgges591.jpg,275,183,no mask,8,56,55,123
imgges591.jpg,275,183,no mask,58,45,95,105
imgges591.jpg,275,183,no mask,158,65,189,118
imgges591.jpg,275,183,no mask,192,74,232,129
imgges591.jpg,275,183,no mask,246,39,275,107
imgges592.jpg,275,183,no mask,108,2,200,131
imgges592.jpg,275,183,no mask,224,27,275,112
imgges592.jpg,275,183,no mask,184,22,224,92
imgges592.jpg,275,183,no mask,77,69,116,121
imgges592.jpg,275,183,no mask,34,82,78,149
imgges592.jpg,275,183,no mask,1,71,30,148
imgges593.jpg,256,256,mask,105,17,154,77
imgges594.jpg,183,275,no mask,25,80,127,149
imgges594.jpg,183,275,no mask,71,154,117,189
imgges594.jpg,183,275,no mask,84,187,129,226
imgges594.jpg,183,275,no mask,57,242,111,273
imgges594.jpg,183,275,no mask,51,53,106,90
imgges594.jpg,183,275,no mask,54,7,123,52
imgges595.jpg,183,275,no mask,67,222,140,265
imgges595.jpg,183,275,no mask,83,178,147,217
imgges595.jpg,183,275,no mask,59,117,169,192
imgges595.jpg,183,275,no mask,57,87,118,115
imgges595.jpg,183,275,no mask,43,42,97,80
imgges595.jpg,183,275,no mask,59,1,118,26
imgges596.jpg,275,183,no mask,123,18,188,123
imgges596.jpg,275,183,no mask,184,46,216,103
imgges596.jpg,275,183,no mask,219,62,267,123
imgges596.jpg,275,183,no mask,82,67,121,116
imgges596.jpg,275,183,no mask,42,75,79,131
imgges596.jpg,275,183,no mask,1,51,31,114
imgges597.jpg,320,433,no mask,11,16,273,375
imgges598.jpg,100,100,no mask,28,25,85,59
imgges598.jpg,100,100,no mask,35,57,64,69
imgges598.jpg,100,100,no mask,32,65,58,88
imgges598.jpg,100,100,no mask,37,88,73,99
imgges598.jpg,100,100,no mask,28,1,67,21
imgges599.jpg,183,275,no mask,22,81,129,153
imgges599.jpg,183,275,no mask,41,57,104,90
imgges599.jpg,183,275,no mask,53,5,124,55
imgges599.jpg,183,275,no mask,67,155,117,186
imgges599.jpg,183,275,no mask,73,186,130,231
imgges599.jpg,183,275,no mask,47,242,113,274
imgges6.jpg,256,256,mask,118,18,150,49
imgges6.jpg,256,256,no mask,42,49,59,67
imgges6.jpg,256,256,no mask,8,59,20,71
imgges60.jpg,256,256,mask,101,15,154,91
imgges600.jpg,194,259,no mask,105,112,155,150
imgges601.jpg,259,194,no mask,113,30,150,85
imgges602.jpg,256,256,mask,135,15,220,147
imgges603.jpg,137,91,no mask,31,5,105,91
imgges604.jpg,183,275,no mask,39,48,124,114
imgges605.jpg,330,153,no mask,134,3,201,91
imgges606.jpg,330,153,no mask,135,5,196,90
imgges607.jpg,330,153,no mask,130,4,196,90
imgges608.jpg,433,320,no mask,74,35,333,247
imgges609.jpg,100,100,no mask,46,36,57,57
imgges609.jpg,100,100,no mask,73,28,87,53
imgges61.jpg,275,183,no mask,60,9,117,89
imgges61.jpg,275,183,no mask,182,7,236,100
imgges610.jpg,183,275,no mask,68,124,107,153
imgges610.jpg,183,275,no mask,51,201,98,236
imgges611.jpg,183,275,no mask,84,200,131,236
imgges611.jpg,183,275,no mask,73,123,108,158
imgges612.jpg,275,183,no mask,126,63,150,106
imgges612.jpg,275,183,no mask,203,50,232,96
imgges613.jpg,275,183,no mask,43,47,79,102
imgges613.jpg,275,183,no mask,121,56,154,108
imgges614.jpg,256,256,mask,110,23,161,83
imgges615.jpg,100,100,no mask,25,11,54,30
imgges615.jpg,100,100,no mask,37,41,60,57
imgges616.jpg,183,275,no mask,76,124,112,155
imgges616.jpg,183,275,no mask,86,200,131,232
imgges617.jpg,183,275,no mask,63,117,110,153
imgges617.jpg,183,275,no mask,33,28,92,73
imgges618.jpg,275,183,no mask,123,68,151,104
imgges618.jpg,275,183,no mask,40,52,76,98
imgges619.jpg,97,130,no mask,2,14,83,128
imgges62.jpg,256,256,mask,119,13,151,52
imgges620.jpg,100,100,no mask,17,5,96,87
imgges621.jpg,275,183,no mask,127,65,157,107
imgges621.jpg,275,183,no mask,201,47,234,96
imgges622.jpg,300,168,no mask,90,25,194,149
imgges623.jpg,168,300,no mask,1,81,158,200
imgges624.jpg,150,84,no mask,24,1,123,84
imgges625.jpg,168,300,no mask,2,81,161,200
imgges626.jpg,300,168,no mask,95,25,198,149
imgges627.jpg,256,256,mask,116,10,166,53
imgges627.jpg,256,256,mask,6,28,49,82
imgges627.jpg,256,256,mask,37,15,72,56
imgges628.jpg,300,168,no mask,109,21,205,149
imgges629.jpg,168,300,no mask,18,95,147,198
imgges63.jpg,256,256,mask,95,51,154,108
imgges630.jpg,300,168,no mask,87,29,196,153
imgges631.jpg,428,320,no mask,75,48,356,278
imgges632.jpg,168,300,no mask,32,94,151,191
imgges633.jpg,272,185,no mask,88,14,179,129
imgges634.jpg,100,100,no mask,31,8,70,67
imgges635.jpg,136,92,no mask,50,1,136,79
imgges636.jpg,185,272,no mask,13,75,125,176
imgges637.jpg,256,256,mask,13,42,105,201
imgges637.jpg,256,256,mask,166,40,219,106
imgges638.jpg,100,100,no mask,7,19,87,75
imgges639.jpg,183,275,no mask,1,67,159,203
imgges64.jpg,275,183,no mask,42,37,65,85
imgges64.jpg,275,183,no mask,76,73,97,106
imgges64.jpg,275,183,no mask,146,66,171,104
imgges640.jpg,183,275,no mask,44,174,93,216
imgges641.jpg,183,275,no mask,45,174,95,215
imgges642.jpg,428,320,no mask,58,9,385,302
imgges643.jpg,275,183,no mask,59,49,92,94
imgges644.jpg,275,183,no mask,59,48,89,98
imgges645.jpg,183,275,no mask,50,179,95,214
imgges646.jpg,275,183,no mask,61,47,94,95
imgges647.jpg,256,256,mask,73,39,177,145
imgges648.jpg,262,192,mask,65,63,96,113
imgges648.jpg,262,192,no mask,153,26,191,79
imgges649.jpg,131,96,mask,28,1,63,32
imgges65.jpg,256,256,mask,51,13,93,97
imgges65.jpg,256,256,mask,180,14,198,50
imgges650.jpg,192,262,mask,63,166,118,199
imgges650.jpg,192,262,no mask,18,69,81,112
imgges651.jpg,182,207,no mask,45,76,151,166
imgges652.jpg,103,91,no mask,30,61,92,91
imgges653.jpg,214,160,no mask,151,32,214,155
imgges654.jpg,207,182,no mask,79,43,175,151
imgges655.jpg,256,256,mask,102,21,154,86
imgges655.jpg,256,256,no mask,227,52,251,84
imgges656.jpg,207,182,no mask,78,34,181,166
imgges657.jpg,207,182,no mask,88,38,171,152
imgges658.jpg,100,100,no mask,40,23,85,79
imgges659.jpg,182,207,no mask,42,78,155,174
imgges66.jpg,256,256,mask,116,24,156,63
imgges66.jpg,256,256,no mask,13,30,31,48
imgges660.jpg,299,168,no mask,125,24,159,67
imgges660.jpg,299,168,mask,51,31,80,68
imgges660.jpg,299,168,mask,161,28,189,66
imgges660.jpg,299,168,mask,220,14,237,43
imgges660.jpg,299,168,mask,224,74,246,116
imgges661.jpg,299,168,mask,52,32,77,69
imgges661.jpg,299,168,mask,162,31,188,70
imgges661.jpg,299,168,mask,218,18,238,47
imgges661.jpg,299,168,mask,225,70,249,115
imgges661.jpg,299,168,no mask,126,27,156,68
imgges662.jpg,168,299,no mask,30,128,66,158
imgges662.jpg,168,299,mask,20,216,47,240
imgges662.jpg,168,299,mask,74,223,114,248
imgges662.jpg,168,299,mask,32,160,69,187
imgges662.jpg,168,299,mask,35,46,71,78
imgges663.jpg,301,416,no mask,4,41,272,386
imgges664.jpg,226,280,no mask,26,27,168,200
imgges665.jpg,256,256,mask,95,31,155,87
imgges666.jpg,269,188,no mask,119,15,150,56
imgges667.jpg,188,269,no mask,14,116,56,150
imgges668.jpg,225,225,no mask,3,94,96,173
imgges669.jpg,225,225,no mask,51,1,129,99
imgges67.jpg,256,256,mask,135,20,181,87
imgges670.jpg,112,112,no mask,2,1,21,17
imgges671.jpg,225,225,no mask,92,1,174,94
imgges672.jpg,225,225,no mask,53,1,127,95
imgges673.jpg,183,275,no mask,54,101,144,174
imgges673.jpg,183,275,no mask,87,64,171,122
imgges674.jpg,275,183,no mask,109,32,168,127
imgges674.jpg,275,183,no mask,84,4,132,99
imgges674.jpg,275,183,no mask,151,85,191,145
imgges675.jpg,280,226,no mask,38,69,197,193
imgges676.jpg,275,183,no mask,113,29,171,128
imgges676.jpg,275,183,no mask,86,1,135,98
imgges676.jpg,275,183,no mask,150,75,187,140
imgges677.jpg,267,188,no mask,108,7,163,73
imgges678.jpg,100,100,no mask,61,39,99,63
imgges679.jpg,267,188,no mask,107,4,167,74
imgges68.jpg,256,256,mask,141,25,181,85
imgges680.jpg,263,192,no mask,80,10,216,173
imgges681.jpg,192,263,no mask,4,87,170,209
imgges682.jpg,256,256,mask,73,25,128,76
imgges683.jpg,192,263,no mask,9,82,190,217
imgges684.jpg,190,266,no mask,38,28,147,163
imgges685.jpg,100,100,no mask,22,9,80,66
imgges686.jpg,113,140,no mask,2,9,82,134
imgges687.jpg,190,266,no mask,43,33,142,160
imgges688.jpg,100,100,no mask,32,30,91,68
imgges689.jpg,100,100,no mask,43,40,97,71
imgges69.jpg,256,256,mask,93,3,148,72
imgges690.jpg,97,129,no mask,41,76,95,128
imgges691.jpg,194,259,no mask,14,82,108,152
imgges692.jpg,256,256,mask,118,12,154,49
imgges693.jpg,259,194,no mask,109,1,182,111
imgges694.jpg,259,194,no mask,107,18,173,107
imgges694.jpg,259,194,no mask,71,1,98,23
imgges695.jpg,194,259,no mask,8,96,106,172
imgges696.jpg,168,300,mask,38,105,59,120
imgges696.jpg,168,300,mask,75,164,89,179
imgges696.jpg,168,300,mask,68,227,87,244
imgges697.jpg,140,113,no mask,1,34,114,113
imgges698.jpg,100,100,mask,48,41,53,46
imgges698.jpg,100,100,mask,67,60,73,65
imgges699.jpg,84,150,mask,44,111,63,127
imgges699.jpg,84,150,mask,10,53,30,68
imgges7.jpg,256,256,mask,108,45,141,85
imgges70.jpg,256,256,mask,115,12,150,51
imgges700.jpg,256,256,mask,93,24,126,75
imgges700.jpg,256,256,no mask,176,61,219,120
imgges701.jpg,300,168,mask,108,23,123,50
imgges701.jpg,300,168,mask,165,72,183,95
imgges701.jpg,300,168,no mask,236,77,251,99
imgges702.jpg,100,100,mask,66,34,77,42
imgges702.jpg,100,100,mask,48,55,55,61
imgges703.jpg,194,259,mask,70,72,128,119
imgges703.jpg,194,259,mask,48,34,89,67
imgges703.jpg,194,259,mask,93,129,137,164
imgges704.jpg,194,259,mask,61,75,123,121
imgges704.jpg,194,259,mask,104,33,149,65
imgges704.jpg,194,259,mask,55,126,102,160
imgges705.jpg,100,100,mask,33,28,63,49
imgges705.jpg,100,100,mask,53,13,76,26
imgges705.jpg,100,100,mask,30,48,53,62
imgges706.jpg,259,194,mask,99,55,131,99
imgges706.jpg,259,194,mask,139,51,182,125
imgges706.jpg,259,194,mask,191,99,229,149
imgges706.jpg,259,194,no mask,33,88,43,102
imgges707.jpg,194,259,mask,53,139,128,182
imgges707.jpg,194,259,mask,52,97,103,130
imgges707.jpg,194,259,mask,100,190,146,228
imgges708.jpg,300,168,mask,179,37,194,57
imgges708.jpg,300,168,mask,121,72,137,93
imgges709.jpg,256,256,mask,80,17,155,87
imgges71.jpg,256,256,mask,100,49,149,94
imgges710.jpg,194,259,mask,69,74,130,121
imgges710.jpg,194,259,mask,45,27,90,68
imgges710.jpg,194,259,mask,91,124,137,166
imgges711.jpg,259,194,mask,96,56,133,103
imgges711.jpg,259,194,mask,139,54,184,124
imgges711.jpg,259,194,mask,191,102,227,150
imgges711.jpg,259,194,no mask,34,91,41,103
imgges712.jpg,256,256,mask,105,24,153,69
imgges712.jpg,256,256,mask,82,35,103,58
imgges713.jpg,256,256,mask,54,11,82,50
imgges713.jpg,256,256,mask,133,12,256,254
imgges714.jpg,256,256,mask,93,66,169,130
imgges715.jpg,320,428,no mask,22,37,291,376
imgges716.jpg,256,256,mask,94,2,132,45
imgges717.jpg,256,256,mask,118,47,177,118
imgges717.jpg,256,256,mask,6,56,34,92
imgges717.jpg,256,256,no mask,83,21,124,68
imgges717.jpg,256,256,no mask,28,44,55,77
imgges718.jpg,256,256,mask,71,16,143,81
imgges719.jpg,226,280,no mask,35,28,159,186
imgges72.jpg,256,256,mask,82,19,154,101
imgges720.jpg,256,256,mask,103,7,150,55
imgges720.jpg,256,256,mask,230,8,256,56
imgges721.jpg,256,256,mask,100,8,170,90
imgges722.jpg,256,256,mask,169,25,217,84
imgges722.jpg,256,256,no mask,64,1,102,50
imgges723.jpg,256,256,mask,91,31,164,187
imgges724.jpg,256,256,mask,86,25,165,191
imgges725.jpg,256,256,mask,101,1,149,47
imgges726.jpg,256,256,mask,79,32,119,67
imgges727.jpg,256,256,mask,124,45,214,226
imgges728.jpg,256,256,mask,115,29,187,121
imgges729.jpg,256,256,mask,107,7,152,48
imgges73.jpg,289,174,no mask,122,13,181,105
imgges730.jpg,194,260,mask,39,12,153,166
imgges731.jpg,140,113,no mask,62,1,138,81
imgges732.jpg,256,256,mask,112,42,142,81
imgges733.jpg,256,256,mask,95,12,150,66
imgges734.jpg,256,256,mask,101,47,169,125
imgges735.jpg,256,256,mask,102,49,173,126
imgges736.jpg,256,256,mask,111,15,167,81
imgges737.jpg,256,256,mask,106,11,155,59
imgges738.jpg,256,256,mask,114,15,164,63
imgges739.jpg,256,256,mask,102,70,174,190
imgges739.jpg,256,256,no mask,203,76,243,140
imgges74.jpg,256,256,mask,104,41,146,130
imgges740.jpg,256,256,mask,103,16,169,83
imgges741.jpg,256,256,mask,99,15,143,58
imgges742.jpg,428,320,no mask,66,57,373,298
imgges743.jpg,256,256,mask,95,48,134,94
imgges744.jpg,226,280,no mask,39,28,158,187
imgges745.jpg,256,256,mask,50,5,222,165
imgges746.jpg,256,256,mask,80,53,112,99
imgges746.jpg,256,256,no mask,124,65,151,110
imgges747.jpg,256,256,no mask,231,77,256,104
imgges747.jpg,256,256,mask,103,17,165,82
imgges748.jpg,256,256,mask,87,26,166,113
imgges749.jpg,256,256,mask,132,23,205,164
imgges75.jpg,183,275,no mask,92,41,132,68
imgges75.jpg,183,275,no mask,75,74,104,104
imgges75.jpg,183,275,no mask,82,143,106,167
imgges750.jpg,256,256,mask,72,3,228,251
imgges751.jpg,256,256,mask,78,22,155,88
imgges752.jpg,256,256,mask,76,2,187,195
imgges753.jpg,428,320,mask,67,18,380,255
imgges754.jpg,256,256,mask,106,10,154,62
imgges755.jpg,256,256,mask,112,9,159,54
imgges756.jpg,320,428,no mask,63,30,299,374
imgges757.jpg,256,256,mask,130,17,174,56
imgges758.jpg,256,256,mask,68,57,118,106
imgges759.jpg,256,256,mask,114,13,154,54
imgges76.jpg,256,256,mask,112,10,145,47
imgges760.jpg,256,256,mask,83,88,163,167
imgges761.jpg,256,256,mask,112,16,154,57
imgges762.jpg,256,256,mask,104,56,138,101
imgges763.jpg,256,256,mask,131,33,176,86
imgges764.jpg,160,214,no mask,47,3,160,210
imgges765.jpg,256,256,no mask,28,62,50,87
imgges765.jpg,256,256,mask,121,27,154,59
imgges766.jpg,256,256,mask,109,27,143,65
imgges767.jpg,256,256,mask,99,27,138,66
imgges768.jpg,320,428,no mask,65,41,285,350
imgges769.jpg,256,256,mask,103,18,160,80
imgges77.jpg,256,256,mask,126,24,177,77
imgges770.jpg,256,256,mask,116,9,171,102
imgges771.jpg,256,256,mask,106,4,242,242
imgges772.jpg,256,256,mask,107,32,155,86
imgges773.jpg,256,256,mask,105,16,171,150
imgges774.jpg,256,256,mask,127,3,174,69
imgges775.jpg,320,428,no mask,51,14,314,381
imgges776.jpg,256,256,mask,87,55,118,105
imgges776.jpg,256,256,no mask,38,51,64,95
imgges776.jpg,256,256,no mask,165,42,195,97
imgges777.jpg,256,256,mask,108,17,163,89
imgges778.jpg,256,256,mask,95,34,154,86
imgges779.jpg,256,256,mask,95,3,167,87
imgges78.jpg,256,256,mask,118,42,214,125
imgges780.jpg,263,347,no mask,10,44,226,308
imgges781.jpg,256,256,mask,65,55,148,130
imgges782.jpg,256,256,mask,60,25,184,141
imgges783.jpg,256,256,mask,89,14,164,100
imgges784.jpg,256,256,mask,10,25,124,145
imgges785.jpg,256,256,mask,79,28,144,99
imgges786.jpg,214,160,no mask,19,2,211,160
imgges787.jpg,256,256,mask,74,8,240,229
imgges788.jpg,256,256,mask,105,16,228,172
imgges789.jpg,256,256,mask,101,25,162,116
imgges789.jpg,256,256,no mask,34,130,61,174
imgges79.jpg,256,256,mask,109,29,170,90
imgges790.jpg,256,256,mask,108,5,187,72
imgges791.jpg,320,433,no mask,28,16,292,374
imgges792.jpg,256,256,mask,49,13,252,250
imgges793.jpg,256,256,mask,106,10,171,74
imgges794.jpg,256,256,mask,91,2,209,185
imgges795.jpg,256,256,no mask,105,15,147,56
imgges796.jpg,256,256,no mask,61,43,119,107
imgges796.jpg,256,256,mask,168,31,222,93
imgges797.jpg,320,428,no mask,56,35,308,362
imgges798.jpg,256,256,mask,118,8,149,47
imgges799.jpg,256,256,mask,124,40,256,160
imgges799.jpg,256,256,mask,51,128,103,177
imgges8.jpg,256,256,mask,139,20,172,56
imgges8.jpg,256,256,mask,60,118,83,146
imgges8.jpg,256,256,no mask,201,47,226,75
imgges8.jpg,256,256,no mask,243,44,253,60
imgges8.jpg,256,256,no mask,75,31,84,45
imgges80.jpg,256,256,mask,102,25,183,155
imgges80.jpg,256,256,mask,215,90,256,169
imgges800.jpg,256,256,mask,91,29,155,101
imgges800.jpg,256,256,mask,21,67,61,108
imgges800.jpg,256,256,no mask,159,29,195,70
imgges801.jpg,256,256,mask,109,7,181,136
imgges802.jpg,225,225,no mask,54,5,175,173
imgges803.jpg,256,256,mask,107,26,156,109
imgges803.jpg,256,256,mask,12,16,30,46
imgges804.jpg,256,256,mask,108,39,165,97
imgges805.jpg,256,256,mask,108,34,154,82
imgges806.jpg,256,256,mask,115,21,175,136
imgges807.jpg,256,256,mask,84,16,135,62
imgges807.jpg,256,256,no mask,169,132,201,168
imgges807.jpg,256,256,no mask,1,52,16,68
imgges808.jpg,100,100,no mask,23,6,87,83
imgges809.jpg,256,256,mask,92,15,170,90
imgges81.jpg,256,256,mask,123,27,151,58
imgges810.jpg,256,256,mask,127,63,191,132
imgges811.jpg,256,256,mask,95,72,198,135
imgges811.jpg,256,256,mask,130,162,256,250
imgges812.jpg,256,256,mask,132,18,174,103
imgges812.jpg,256,256,no mask,11,3,34,39
imgges813.jpg,332,455,no mask,32,44,311,414
imgges814.jpg,256,256,mask,104,15,158,77
imgges815.jpg,256,256,mask,103,5,211,159
imgges815.jpg,256,256,mask,1,1,50,164
imgges816.jpg,256,256,mask,118,7,171,69
imgges817.jpg,256,256,mask,87,29,140,86
imgges818.jpg,259,194,mask,98,56,131,101
imgges818.jpg,259,194,mask,137,62,182,120
imgges818.jpg,259,194,mask,191,103,227,147
imgges818.jpg,259,194,no mask,34,90,41,101
imgges819.jpg,256,256,mask,77,31,183,163
imgges82.jpg,275,183,no mask,34,60,73,114
imgges82.jpg,275,183,no mask,79,59,123,119
imgges82.jpg,275,183,no mask,118,43,176,123
imgges82.jpg,275,183,no mask,168,37,249,137
imgges820.jpg,256,256,mask,170,64,205,107
imgges820.jpg,256,256,no mask,58,29,109,85
imgges821.jpg,256,256,no mask,3,52,39,95
imgges821.jpg,256,256,no mask,228,41,256,91
imgges821.jpg,256,256,mask,117,19,163,80
imgges822.jpg,256,256,mask,115,1,163,54
imgges822.jpg,256,256,no mask,169,26,196,67
imgges823.jpg,256,256,mask,125,17,174,97
imgges824.jpg,256,256,mask,79,81,155,183
imgges825.jpg,256,256,mask,89,19,205,192
imgges826.jpg,256,256,mask,106,9,161,71
imgges827.jpg,320,428,no mask,55,20,291,371
imgges828.jpg,256,256,mask,37,32,202,220
imgges829.jpg,256,256,mask,102,25,134,61
imgges829.jpg,256,256,no mask,19,1,58,24
imgges83.jpg,256,256,mask,97,47,160,131
imgges830.jpg,320,428,no mask,31,47,292,374
imgges831.jpg,256,256,mask,106,13,153,51
imgges832.jpg,256,256,mask,130,74,171,122
imgges833.jpg,256,256,mask,105,57,160,123
imgges834.jpg,256,256,mask,81,7,225,162
imgges835.jpg,256,256,mask,103,42,149,83
imgges835.jpg,256,256,no mask,220,70,255,108
imgges836.jpg,256,256,mask,67,11,170,114
imgges837.jpg,256,256,mask,108,13,152,49
imgges838.jpg,260,194,no mask,17,34,171,145
imgges839.jpg,320,428,no mask,61,23,301,351
imgges84.jpg,275,183,no mask,77,79,96,108
imgges84.jpg,275,183,no mask,49,43,65,88
imgges84.jpg,275,183,no mask,145,63,168,98
imgges840.jpg,256,256,no mask,218,31,253,80
imgges840.jpg,256,256,mask,87,27,157,98
imgges841.jpg,256,256,mask,85,23,117,58
imgges841.jpg,256,256,no mask,142,28,182,76
imgges842.jpg,256,256,mask,16,1,256,240
imgges843.jpg,256,256,mask,97,73,155,151
imgges844.jpg,256,256,mask,108,28,145,64
imgges845.jpg,256,256,mask,108,32,157,105
imgges845.jpg,256,256,mask,171,64,220,117
imgges846.jpg,256,256,mask,103,12,152,58
imgges846.jpg,256,256,no mask,47,60,82,93
imgges847.jpg,256,256,mask,96,13,169,125
imgges848.jpg,256,256,mask,82,15,174,129
imgges849.jpg,256,256,mask,83,40,195,164
imgges85.jpg,256,256,mask,103,27,137,75
imgges850.jpg,428,320,no mask,72,60,404,283
imgges851.jpg,256,256,mask,99,28,133,62
imgges852.jpg,256,256,mask,59,13,148,111
imgges852.jpg,256,256,no mask,185,36,246,117
imgges853.jpg,183,275,no mask,45,54,124,164
imgges854.jpg,256,256,mask,16,18,144,142
imgges855.jpg,256,256,mask,106,11,161,62
imgges856.jpg,256,256,mask,103,47,149,95
imgges857.jpg,256,256,mask,80,20,161,92
imgges858.jpg,256,256,mask,51,13,169,111
imgges859.jpg,256,256,mask,67,23,146,95
imgges86.jpg,256,256,mask,83,39,141,152
imgges860.jpg,256,256,mask,72,36,170,123
imgges861.jpg,428,320,no mask,37,39,358,254
imgges862.jpg,256,256,mask,117,48,151,89
imgges863.jpg,256,256,no mask,96,46,143,91
imgges863.jpg,256,256,mask,153,35,193,91
imgges864.jpg,320,428,no mask,59,30,291,366
imgges865.jpg,256,256,mask,112,42,186,151
imgges866.jpg,256,256,mask,86,31,157,97
imgges866.jpg,256,256,no mask,216,47,248,80
imgges867.jpg,256,256,mask,93,28,134,65
imgges868.jpg,256,256,mask,109,26,167,82
imgges869.jpg,256,256,mask,91,36,163,105
imgges87.jpg,256,256,mask,131,30,177,134
imgges870.jpg,256,256,mask,118,8,229,148
imgges871.jpg,256,256,mask,100,34,148,83
imgges871.jpg,256,256,no mask,18,72,52,106
imgges872.jpg,347,263,no mask,27,46,315,245
imgges873.jpg,256,256,mask,93,31,161,105
imgges874.jpg,299,168,no mask,98,62,161,152
imgges874.jpg,299,168,no mask,49,10,106,85
imgges874.jpg,299,168,no mask,183,35,236,107
imgges874.jpg,299,168,no mask,254,8,299,67
imgges874.jpg,299,168,no mask,152,1,193,46
imgges874.jpg,299,168,no mask,105,1,140,46
imgges875.jpg,256,256,no mask,23,36,46,64
imgges875.jpg,256,256,no mask,74,23,94,58
imgges875.jpg,256,256,no mask,204,21,240,109
imgges875.jpg,256,256,mask,130,39,155,76
imgges876.jpg,256,256,mask,67,50,120,107
imgges877.jpg,256,256,mask,98,61,128,98
imgges877.jpg,256,256,no mask,9,92,45,129
imgges878.jpg,256,256,mask,97,22,167,101
imgges879.jpg,256,256,mask,106,23,141,60
imgges879.jpg,256,256,mask,27,42,54,74
imgges879.jpg,256,256,mask,1,28,22,71
imgges879.jpg,256,256,mask,193,50,208,69
imgges879.jpg,256,256,no mask,148,36,169,62
imgges879.jpg,256,256,no mask,62,42,95,73
imgges88.jpg,256,256,mask,45,88,80,175
imgges88.jpg,256,256,mask,108,20,153,112
imgges88.jpg,256,256,mask,166,3,187,68
imgges880.jpg,256,256,mask,99,19,135,58
imgges881.jpg,256,256,mask,89,13,165,102
imgges881.jpg,256,256,mask,20,42,65,95
imgges882.jpg,256,256,mask,112,56,138,97
imgges882.jpg,256,256,no mask,67,39,94,79
imgges882.jpg,256,256,no mask,160,32,190,74
imgges883.jpg,131,173,no mask,63,35,130,173
imgges884.jpg,256,256,mask,120,20,152,56
imgges885.jpg,256,256,mask,140,60,167,93
imgges885.jpg,256,256,no mask,74,22,109,66
imgges886.jpg,275,183,no mask,41,47,66,89
imgges886.jpg,275,183,no mask,75,78,99,110
imgges886.jpg,275,183,no mask,143,67,170,102
imgges887.jpg,256,256,mask,57,24,144,117
imgges888.jpg,256,256,mask,85,40,210,181
imgges889.jpg,256,256,mask,82,1,155,98
imgges89.jpg,256,256,mask,87,127,137,183
imgges89.jpg,256,256,mask,133,84,178,147
imgges890.jpg,256,256,mask,82,52,196,197
imgges891.jpg,256,256,mask,75,44,146,110
imgges892.jpg,256,256,mask,114,21,147,58
imgges893.jpg,256,256,mask,101,28,168,103
imgges894.jpg,347,263,no mask,50,49,318,263
imgges895.jpg,256,256,mask,122,24,159,68
imgges896.jpg,256,256,mask,102,10,171,86
imgges897.jpg,256,256,mask,121,8,166,50
imgges898.jpg,440,114,no mask,58,18,109,85
imgges898.jpg,440,114,no mask,154,9,208,74
imgges898.jpg,440,114,no mask,223,23,275,91
imgges898.jpg,440,114,no mask,353,1,400,71
imgges899.jpg,256,256,mask,89,20,156,96
imgges9.jpg,256,256,mask,92,25,188,141
imgges90.jpg,256,256,mask,116,11,154,58
imgges900.jpg,256,256,mask,75,10,147,90
imgges900.jpg,256,256,no mask,216,66,256,139
imgges901.jpg,256,256,mask,52,37,119,124
imgges902.jpg,256,256,mask,108,13,157,79
imgges903.jpg,256,256,mask,125,15,205,93
imgges904.jpg,256,256,mask,100,19,133,57
imgges905.jpg,263,347,no mask,14,61,214,301
imgges906.jpg,256,256,mask,68,45,150,117
imgges907.jpg,256,256,mask,97,24,155,77
imgges908.jpg,256,256,mask,89,31,211,211
imgges909.jpg,256,256,mask,122,46,152,76
imgges91.jpg,275,183,no mask,7,26,80,137
imgges91.jpg,275,183,no mask,101,27,164,114
imgges91.jpg,275,183,no mask,191,3,263,91
imgges910.jpg,225,225,mask,49,33,88,80
imgges910.jpg,225,225,mask,125,39,163,92
imgges911.jpg,256,256,mask,120,12,167,59
imgges912.jpg,256,256,mask,123,10,156,47
imgges913.jpg,256,256,mask,83,24,142,85
imgges914.jpg,256,256,mask,105,30,138,69
imgges915.jpg,433,320,no mask,58,7,374,288
imgges916.jpg,256,256,mask,106,54,148,99
imgges917.jpg,256,256,mask,118,9,159,46
imgges917.jpg,256,256,mask,1,4,24,41
imgges917.jpg,256,256,mask,236,28,256,59
imgges918.jpg,256,256,mask,84,24,155,93
imgges919.jpg,256,256,mask,81,19,175,124
imgges92.jpg,256,256,mask,106,20,129,49
imgges92.jpg,256,256,mask,2,38,25,69
imgges92.jpg,256,256,no mask,238,27,256,57
imgges920.jpg,256,256,mask,64,35,173,134
imgges920.jpg,256,256,no mask,14,111,47,154
imgges920.jpg,256,256,no mask,220,71,256,121
imgges921.jpg,256,256,mask,65,41,150,112
imgges922.jpg,256,256,mask,107,40,140,71
imgges923.jpg,256,256,mask,107,23,150,56
imgges924.jpg,256,256,mask,112,5,156,54
imgges924.jpg,256,256,no mask,60,23,79,45
imgges925.jpg,256,256,mask,103,20,141,61
imgges926.jpg,100,100,no mask,13,5,88,85
imgges927.jpg,256,256,no mask,87,28,120,79
imgges927.jpg,256,256,mask,130,31,167,92
imgges928.jpg,275,183,no mask,105,70,124,90
imgges928.jpg,275,183,no mask,138,71,151,88
imgges929.jpg,256,256,mask,100,19,151,74
imgges93.jpg,275,183,no mask,45,43,60,85
imgges93.jpg,275,183,no mask,75,77,97,105
imgges93.jpg,275,183,no mask,145,69,167,101
imgges930.jpg,256,256,mask,121,31,155,68
imgges930.jpg,256,256,mask,64,48,82,68
imgges931.jpg,256,256,mask,91,22,137,101
imgges932.jpg,256,256,mask,93,23,155,88
imgges933.jpg,256,256,mask,93,23,150,86
imgges934.jpg,256,256,mask,67,106,133,193
imgges935.jpg,275,183,no mask,95,8,177,126
imgges936.jpg,256,256,mask,108,14,155,67
imgges937.jpg,256,256,mask,57,56,177,189
imgges938.jpg,256,256,mask,105,12,154,60
imgges938.jpg,256,256,no mask,226,37,246,62
imgges939.jpg,256,256,mask,97,26,156,87
imgges94.jpg,256,256,no mask,113,50,164,98
imgges940.jpg,256,256,mask,19,26,126,166
imgges941.jpg,256,256,mask,104,16,161,75
imgges941.jpg,256,256,no mask,52,74,68,95
imgges942.jpg,256,256,mask,75,17,172,126
imgges943.jpg,256,256,mask,112,24,148,60
imgges943.jpg,256,256,no mask,45,38,77,70
imgges944.jpg,256,256,mask,163,5,239,138
imgges945.jpg,256,256,mask,106,48,167,115
imgges946.jpg,256,256,mask,113,48,140,73
imgges947.jpg,194,260,no mask,47,22,149,170
imgges948.jpg,225,225,no mask,54,9,184,175
imgges949.jpg,256,256,mask,120,52,149,83
imgges949.jpg,256,256,no mask,195,58,213,75
imgges949.jpg,256,256,no mask,226,56,241,76
imgges949.jpg,256,256,no mask,239,54,252,75
imgges95.jpg,256,256,mask,107,26,168,85
imgges950.jpg,256,256,no mask,226,32,253,66
imgges950.jpg,256,256,mask,93,29,155,91
imgges951.jpg,256,256,mask,111,32,141,79
imgges951.jpg,256,256,no mask,187,59,214,104
imgges951.jpg,256,256,no mask,218,67,234,92
imgges951.jpg,256,256,no mask,8,66,37,113
imgges951.jpg,256,256,no mask,75,80,89,98
imgges951.jpg,256,256,no mask,38,63,52,89
imgges952.jpg,256,256,mask,101,5,185,167
imgges953.jpg,256,256,mask,101,33,149,80
imgges954.jpg,256,256,mask,106,16,155,62
imgges955.jpg,256,256,mask,39,41,72,74
imgges955.jpg,256,256,no mask,184,9,213,39
imgges956.jpg,256,256,mask,21,68,86,145
imgges957.jpg,275,183,no mask,77,61,110,121
imgges957.jpg,275,183,no mask,159,50,197,113
imgges958.jpg,256,256,mask,112,11,150,55
imgges959.jpg,100,100,no mask,25,27,84,75
imgges96.jpg,256,256,mask,113,38,143,73
imgges960.jpg,256,256,mask,108,13,142,51
imgges961.jpg,256,256,mask,113,19,147,52
imgges962.jpg,256,256,mask,110,17,161,64
imgges963.jpg,256,256,mask,108,33,140,66
imgges964.jpg,256,256,mask,109,13,148,56
imgges965.jpg,256,256,mask,105,32,168,84
imgges966.jpg,256,256,mask,79,48,152,174
imgges966.jpg,256,256,no mask,13,80,48,134
imgges967.jpg,320,428,no mask,44,36,278,375
imgges968.jpg,100,100,no mask,20,1,100,85
imgges969.jpg,259,194,no mask,96,18,165,102
imgges97.jpg,256,256,mask,113,49,164,100
imgges970.jpg,256,256,mask,119,5,150,42
imgges971.jpg,256,256,mask,84,54,113,91
imgges972.jpg,256,256,mask,83,11,170,102
imgges972.jpg,256,256,no mask,29,36,81,88
imgges973.jpg,256,256,mask,110,16,167,128
imgges974.jpg,256,256,mask,65,16,189,172
imgges975.jpg,256,256,mask,112,15,161,71
imgges976.jpg,256,256,mask,114,2,158,52
imgges977.jpg,256,256,mask,94,13,136,55
imgges977.jpg,256,256,mask,1,16,16,62
imgges978.jpg,256,256,mask,110,3,167,64
imgges979.jpg,225,225,no mask,59,16,173,171
imgges98.jpg,256,256,mask,99,35,153,104
imgges98.jpg,256,256,no mask,97,1,153,21
imgges980.jpg,256,256,mask,134,9,240,127
imgges981.jpg,256,256,mask,95,29,152,109
imgges981.jpg,256,256,mask,237,66,256,132
imgges982.jpg,256,256,mask,106,17,143,54
imgges983.jpg,256,256,mask,98,10,130,47
imgges984.jpg,256,256,mask,76,8,168,91
imgges985.jpg,183,275,no mask,50,49,131,173
imgges986.jpg,256,256,no mask,106,41,126,67
imgges986.jpg,256,256,mask,117,38,145,60
imgges987.jpg,256,256,mask,96,24,142,62
imgges988.jpg,332,455,no mask,22,79,274,411
imgges989.jpg,256,256,mask,69,31,193,180
imgges99.jpg,256,256,mask,114,13,140,51
imgges990.jpg,256,256,mask,172,41,200,72
imgges991.jpg,256,256,mask,124,44,186,111
imgges991.jpg,256,256,no mask,1,56,37,98
imgges991.jpg,256,256,no mask,201,55,235,97
imgges992.jpg,256,256,mask,93,38,148,101
imgges993.jpg,256,256,mask,120,36,156,84
imgges994.jpg,256,256,no mask,111,42,149,81
imgges994.jpg,256,256,no mask,183,24,218,60
imgges994.jpg,256,256,no mask,16,61,64,108
imgges995.jpg,256,256,mask,84,43,138,115
imgges996.jpg,256,256,mask,110,19,151,73
imgges996.jpg,256,256,no mask,2,10,34,64
imgges996.jpg,256,256,no mask,18,45,45,80
imgges997.jpg,256,256,mask,116,9,155,52
imgges998.jpg,256,256,mask,110,11,149,50
imgges999.jpg,100,100,no mask,4,4,88,100
